﻿<?xml version="1.0" encoding="utf-8"?>
<entries>
  <entry time="2013-07-03T17:55:02.2688192Z" id="89edfff8-5381-4961-b610-9e78a515c16f" type="0">
    <message>Updating branch 'master'.</message>
  </entry>
  <entry time="2013-07-03T17:55:03.3156583Z" id="c8c901a3-afd7-4327-954d-efc5617dd366" type="0">
    <message>Updating submodules.</message>
  </entry>
  <entry time="2013-07-03T17:55:03.36254Z" id="1fb8879c-1f8f-42e5-9692-743d29994b16" type="0">
    <message>Preparing deployment for commit id '74bb1f657f'.</message>
  </entry>
  <entry time="2013-07-03T17:55:04.4347709Z" id="dd5482bb-09a2-451f-b606-313cc080882b" type="0">
    <message>Generating deployment script.</message>
    <entry time="2013-07-03T17:55:04.4660211Z" id="8a2a3c65-4c82-4526-9a01-a90d853b1482" type="0">
      <message>Using cached version of deployment script (command: 'azure site deploymentscript -y --no-dot-deployment -r "C:\DWASFiles\Sites\kjokken\VirtualDirectory0\site\repository" -o "C:\DWASFiles\Sites\kjokken\VirtualDirectory0\site\deployments\tools" --node --sitePath "C:\DWASFiles\Sites\kjokken\VirtualDirectory0\site\repository\dist"').</message>
    </entry>
  </entry>
  <entry time="2013-07-03T17:55:04.4972698Z" id="331034c9-78f4-4525-a456-c108c9beba45" type="0">
    <message>Running deployment command...</message>
    <entry time="2013-07-03T17:55:04.4972698Z" id="49e2962c-a72d-4a42-b14f-499450351fae" type="0">
      <message>Command: C:\DWASFiles\Sites\kjokken\VirtualDirectory0\site\deployments\tools\deploy.cmd</message>
    </entry>
    <entry time="2013-07-03T17:55:04.8878914Z" id="a673b5ae-932f-4512-9a75-ecc4f51ccc9d" type="0">
      <message>Handling node.js deployment.</message>
    </entry>
    <entry time="2013-07-03T17:55:06.6553328Z" id="e8088b2c-18fb-4696-ae92-a84f234fb71d" type="0">
      <message>KuduSync.NET from: 'C:\DWASFiles\Sites\kjokken\VirtualDirectory0\site\repository\dist' to: 'C:\DWASFiles\Sites\kjokken\VirtualDirectory0\site\wwwroot'</message>
    </entry>
    <entry time="2013-07-03T17:55:06.6709561Z" id="e3df4164-a02c-42f7-a5d0-ffc740d37361" type="0">
      <message>Copying file: 'diagnostics.zip'</message>
    </entry>
    <entry time="2013-07-03T17:55:06.6709561Z" id="27f33c07-a414-433f-8b51-cd84f027f11f" type="0">
      <message>Copying file: 'package.json'</message>
    </entry>
    <entry time="2013-07-03T17:55:06.6865805Z" id="8762a2a5-0fe8-447d-99c6-7105c2c84a01" type="0">
      <message>Copying file: 'web.config'</message>
    </entry>
    <entry time="2013-07-03T17:55:06.7803298Z" id="5b6d5e3c-023c-44f0-b21d-41b062cf0e1a" type="0">
      <message>Node.js versions available on the platform are: 0.6.17, 0.6.20, 0.8.19, 0.8.2.</message>
    </entry>
    <entry time="2013-07-03T17:55:06.7959637Z" id="1c0bab34-a4be-4e61-8f60-d7f4add47106" type="0">
      <message>Selected node.js version 0.8.19. Use package.json file to choose a different version.</message>
    </entry>
    <entry time="2013-07-03T17:55:07.5772013Z" id="5ed1d4fa-8ad0-4ca9-a01f-7c5453390c22" type="0">
      <message>Finished successfully.</message>
    </entry>
  </entry>
  <entry time="2013-07-03T17:55:08.1396875Z" id="9663211f-1be6-4715-9269-69926bea3ec5" type="0">
    <message>Deployment successful.</message>
  </entry>
</entries>