﻿<?xml version="1.0" encoding="utf-8"?>
<entries>
  <entry time="2013-07-03T19:50:55.9718507Z" id="1054efef-9931-4c65-9ffa-eecdaeba8bc8" type="0">
    <message>Updating branch 'master'.</message>
  </entry>
  <entry time="2013-07-03T19:50:57.0275477Z" id="d984c7a4-7237-483a-981c-eb2dc4c6400a" type="0">
    <message>Updating submodules.</message>
  </entry>
  <entry time="2013-07-03T19:50:57.0744095Z" id="e83d2033-726f-4a14-8832-acbbb31bf4a4" type="0">
    <message>Preparing deployment for commit id 'fd0aa53aa1'.</message>
  </entry>
  <entry time="2013-07-03T19:50:58.1416892Z" id="627e5433-f19c-4e02-b9c3-b7af0f7d70c3" type="0">
    <message>Generating deployment script.</message>
    <entry time="2013-07-03T19:50:58.1573132Z" id="766a8709-1d94-487a-b147-7b7953d36370" type="0">
      <message>Using cached version of deployment script (command: 'azure site deploymentscript -y --no-dot-deployment -r "C:\DWASFiles\Sites\kjokken\VirtualDirectory0\site\repository" -o "C:\DWASFiles\Sites\kjokken\VirtualDirectory0\site\deployments\tools" --node --sitePath "C:\DWASFiles\Sites\kjokken\VirtualDirectory0\site\repository\dist"').</message>
    </entry>
  </entry>
  <entry time="2013-07-03T19:50:58.2041841Z" id="8e08a770-dd26-41cf-a61b-f5fab486af29" type="0">
    <message>Running deployment command...</message>
    <entry time="2013-07-03T19:50:58.2198074Z" id="a37f2187-a44c-4578-a5b0-8e05e444192d" type="0">
      <message>Command: C:\DWASFiles\Sites\kjokken\VirtualDirectory0\site\deployments\tools\deploy.cmd</message>
    </entry>
    <entry time="2013-07-03T19:50:58.6104199Z" id="bbebc216-e0c3-41eb-9c7b-cae8fd92afef" type="0">
      <message>Handling node.js deployment.</message>
    </entry>
    <entry time="2013-07-03T19:51:00.3538397Z" id="c77f20e5-5bb7-48de-9bc3-fef8f16a5a29" type="0">
      <message>KuduSync.NET from: 'C:\DWASFiles\Sites\kjokken\VirtualDirectory0\site\repository\dist' to: 'C:\DWASFiles\Sites\kjokken\VirtualDirectory0\site\wwwroot'</message>
    </entry>
    <entry time="2013-07-03T19:51:00.3694612Z" id="0f9b2eae-52e9-4d05-a19c-7f709fbd02db" type="0">
      <message>Copying file: 'IISNode.yml'</message>
    </entry>
    <entry time="2013-07-03T19:51:00.3694612Z" id="5b4c7fc6-1e2c-4dce-9605-c3714362252c" type="0">
      <message>Copying file: 'package.json'</message>
    </entry>
    <entry time="2013-07-03T19:51:00.4944595Z" id="d53eaadc-cebc-4d09-a9d6-28cdef06157e" type="0">
      <message>Node.js versions available on the platform are: 0.6.17, 0.6.20, 0.8.19, 0.8.2.</message>
    </entry>
    <entry time="2013-07-03T19:51:00.5100824Z" id="fbb8578d-253c-4d2f-9de2-67b8f3e6a852" type="0">
      <message>Selected node.js version 0.8.19. Use package.json file to choose a different version.</message>
    </entry>
    <entry time="2013-07-03T19:51:01.3381408Z" id="36b66740-0f65-4c9d-b8e9-060326f92215" type="0">
      <message>Finished successfully.</message>
    </entry>
  </entry>
  <entry time="2013-07-03T19:51:01.8849763Z" id="4edaf807-1a28-4216-8eaa-7b4183aef122" type="0">
    <message>Deployment successful.</message>
  </entry>
</entries>