﻿<?xml version="1.0" encoding="utf-8"?>
<deployment>
  <id>740961c3265990a539e621b4de7616892dfa5868</id>
  <author>Lars Erik Finholt</author>
  <deployer>leflef1</deployer>
  <authorEmail>lars.erik.finholt@gmail.com</authorEmail>
  <message>    dist changes
</message>
  <progress></progress>
  <status>Success</status>
  <statusText></statusText>
  <lastSuccessEndTime>2013-07-02T12:53:25.3332063Z</lastSuccessEndTime>
  <receivedTime>2013-07-02T12:53:21.3179229Z</receivedTime>
  <startTime>2013-07-02T12:53:22.5365432Z</startTime>
  <endTime>2013-07-02T12:53:25.3332063Z</endTime>
  <complete>True</complete>
  <is_temp>False</is_temp>
</deployment>