﻿<?xml version="1.0" encoding="utf-8"?>
<entries>
  <entry time="2013-07-03T17:50:10.2131506Z" id="6471db40-62e3-4fb3-ae30-d40ee03923d0" type="0">
    <message>Updating branch 'master'.</message>
  </entry>
  <entry time="2013-07-03T17:50:22.4018657Z" id="286cb325-f3e8-4cf4-bbc1-a01c3b976cb6" type="0">
    <message>Updating submodules.</message>
  </entry>
  <entry time="2013-07-03T17:50:22.4487308Z" id="761c759b-cf4f-4491-ac30-6196341ff1fa" type="0">
    <message>Preparing deployment for commit id 'fb338b91e3'.</message>
  </entry>
  <entry time="2013-07-03T17:50:23.5397344Z" id="34b5d607-baba-4a71-a990-5c0e9d619f09" type="0">
    <message>Generating deployment script.</message>
    <entry time="2013-07-03T17:50:23.5709841Z" id="28a65ff1-18a9-4d2d-a638-b472de41a0cc" type="0">
      <message>Using cached version of deployment script (command: 'azure site deploymentscript -y --no-dot-deployment -r "C:\DWASFiles\Sites\kjokken\VirtualDirectory0\site\repository" -o "C:\DWASFiles\Sites\kjokken\VirtualDirectory0\site\deployments\tools" --node --sitePath "C:\DWASFiles\Sites\kjokken\VirtualDirectory0\site\repository\dist"').</message>
    </entry>
  </entry>
  <entry time="2013-07-03T17:50:23.6031388Z" id="3e4686aa-46f5-4402-bc00-8d1d794e2031" type="0">
    <message>Running deployment command...</message>
    <entry time="2013-07-03T17:50:23.6031388Z" id="3fa7eee4-aa68-451b-a061-7fdc98efd690" type="0">
      <message>Command: C:\DWASFiles\Sites\kjokken\VirtualDirectory0\site\deployments\tools\deploy.cmd</message>
    </entry>
    <entry time="2013-07-03T17:50:23.9625392Z" id="97ef1f52-9687-4695-950f-c53f89df3c05" type="0">
      <message>Handling node.js deployment.</message>
    </entry>
    <entry time="2013-07-03T17:50:24.3063358Z" id="ff0e67cf-7ddc-4015-b81d-48df5c3ed4ed" type="0">
      <message>KuduSync.NET from: 'C:\DWASFiles\Sites\kjokken\VirtualDirectory0\site\repository\dist' to: 'C:\DWASFiles\Sites\kjokken\VirtualDirectory0\site\wwwroot'</message>
    </entry>
    <entry time="2013-07-03T17:50:24.3219637Z" id="8414aae6-d121-4468-b339-d0b5310f72ac" type="0">
      <message>Deleting file: 'IISNode.yml'</message>
    </entry>
    <entry time="2013-07-03T17:50:24.3375983Z" id="cab47504-e8da-4403-808d-4e7ff7003f87" type="0">
      <message>Copying file: 'package.json'</message>
    </entry>
    <entry time="2013-07-03T17:50:24.3375983Z" id="b0f8f363-7427-4c78-8889-57ccbcbf67e2" type="0">
      <message>Copying file: 'README.md'</message>
    </entry>
    <entry time="2013-07-03T17:50:24.3532109Z" id="6ccc0238-5e6b-4826-b931-c996e563038b" type="0">
      <message>Copying file: 'web.config'</message>
    </entry>
    <entry time="2013-07-03T17:50:24.3688356Z" id="8ce063fd-e67f-42c8-a015-b9c7193bc914" type="0">
      <message>Copying file: 'node_modules\azure\.jshintrc'</message>
    </entry>
    <entry time="2013-07-03T17:50:24.3688356Z" id="7c923dad-59e4-4a29-a8d3-1abdbc5b15c7" type="0">
      <message>Copying file: 'node_modules\azure\.npmignore'</message>
    </entry>
    <entry time="2013-07-03T17:50:24.3844613Z" id="a8cbc512-900a-40f5-9a6e-b01a6c3fcb7b" type="0">
      <message>Copying file: 'node_modules\azure\.travis.yml'</message>
    </entry>
    <entry time="2013-07-03T17:50:24.3844613Z" id="5720e7d2-baad-4f16-aee0-a3d6dd037f25" type="0">
      <message>Copying file: 'node_modules\azure\ChangeLog.txt'</message>
    </entry>
    <entry time="2013-07-03T17:50:24.4000852Z" id="9d556c97-2ce0-494b-a766-725abf712cad" type="0">
      <message>Copying file: 'node_modules\azure\CONTRIBUTING.md'</message>
    </entry>
    <entry time="2013-07-03T17:50:24.4157037Z" id="418b5c2c-445f-4b7d-8ccf-4cb1ac762f29" type="0">
      <message>Copying file: 'node_modules\azure\LICENSE.txt'</message>
    </entry>
    <entry time="2013-07-03T17:50:24.4157037Z" id="dd1841bb-d67c-4996-b63f-87471a26576a" type="0">
      <message>Copying file: 'node_modules\azure\package.json'</message>
    </entry>
    <entry time="2013-07-03T17:50:24.4469657Z" id="04d84608-9708-48b8-a6fd-2ba2a7014500" type="0">
      <message>Copying file: 'node_modules\azure\README.md'</message>
    </entry>
    <entry time="2013-07-03T17:50:24.46258Z" id="ea41b400-74ad-419e-8a47-339d13c6b65b" type="0">
      <message>Copying file: 'node_modules\azure\examples\samples\blobuploaddownloadsample.js'</message>
    </entry>
    <entry time="2013-07-03T17:50:24.46258Z" id="0823c04b-a7d7-489a-a7ed-fa0ea3ce99b7" type="0">
      <message>Copying file: 'node_modules\azure\examples\samples\continuationsample.js'</message>
    </entry>
    <entry time="2013-07-03T17:50:24.5407165Z" id="03d035ad-5188-4b03-9e85-3571da69ebc9" type="0">
      <message>Copying file: 'node_modules\azure\examples\samples\leaseblobsample.js'</message>
    </entry>
    <entry time="2013-07-03T17:50:24.5719564Z" id="86d49fc1-d11f-4d86-a91b-c9b5f169fa37" type="0">
      <message>Copying file: 'node_modules\azure\examples\samples\longpolling.js'</message>
    </entry>
    <entry time="2013-07-03T17:50:24.587587Z" id="e7380bd7-4790-4e40-adf6-4dc2eeafd057" type="0">
      <message>Copying file: 'node_modules\azure\examples\samples\retrypolicysample.js'</message>
    </entry>
    <entry time="2013-07-03T17:50:24.6032153Z" id="43ab1649-2812-40f7-b566-31bea6d54d14" type="0">
      <message>Copying file: 'node_modules\azure\examples\samples\sassample.js'</message>
    </entry>
    <entry time="2013-07-03T17:50:24.6188451Z" id="74c265a6-fd5e-4b89-869c-adef2e156b38" type="0">
      <message>Copying file: 'node_modules\azure\examples\samples\sbqueue.js'</message>
    </entry>
    <entry time="2013-07-03T17:50:24.6344678Z" id="61342b09-e672-4596-bfef-409b4d94d88d" type="0">
      <message>Copying file: 'node_modules\azure\examples\samples\sbtopic.js'</message>
    </entry>
    <entry time="2013-07-03T17:50:24.6500801Z" id="41accaec-a523-430c-9738-42e93a5d87ab" type="0">
      <message>Copying file: 'node_modules\azure\examples\samples\snapshotsample.js'</message>
    </entry>
    <entry time="2013-07-03T17:50:24.6657056Z" id="5cca3869-ae59-44be-8e36-9f225bcbe8d3" type="0">
      <message>Copying file: 'node_modules\azure\lib\azure.js'</message>
    </entry>
    <entry time="2013-07-03T17:50:24.6657056Z" id="9f082706-c3e3-47fb-aafa-972e79f61104" type="0">
      <message>Copying file: 'node_modules\azure\lib\diagnostics\logger.js'</message>
    </entry>
    <entry time="2013-07-03T17:50:24.6813317Z" id="8d3cb55e-7df0-49c6-933d-b94a93ea23c0" type="0">
      <message>Copying file: 'node_modules\azure\lib\http\webresource.js'</message>
    </entry>
    <entry time="2013-07-03T17:50:24.6969761Z" id="7518e325-7b2f-43a2-a910-ed9a22973a62" type="0">
      <message>Copying file: 'node_modules\azure\lib\serviceruntime\fileinputchannel.js'</message>
    </entry>
    <entry time="2013-07-03T17:50:24.7125979Z" id="915bb670-a569-4412-b4bf-79354727d7fa" type="0">
      <message>Copying file: 'node_modules\azure\lib\serviceruntime\goalstatedeserializer.js'</message>
    </entry>
    <entry time="2013-07-03T17:50:24.7282073Z" id="037a13bf-e84d-4b6c-af7d-c12da398f817" type="0">
      <message>Copying file: 'node_modules\azure\lib\serviceruntime\namedpipeinputchannel.js'</message>
    </entry>
    <entry time="2013-07-03T17:50:24.74384Z" id="06698dc9-76b2-4504-9b51-965780fc6582" type="0">
      <message>Copying file: 'node_modules\azure\lib\serviceruntime\namedpipeoutputchannel.js'</message>
    </entry>
    <entry time="2013-07-03T17:50:24.7594538Z" id="d3dde88f-13c1-4f81-9580-51912a291680" type="0">
      <message>Copying file: 'node_modules\azure\lib\serviceruntime\protocol1runtimeclient.js'</message>
    </entry>
    <entry time="2013-07-03T17:50:24.7750811Z" id="d731314c-02f1-4dc1-a217-2fbabd16a6cf" type="0">
      <message>Copying file: 'node_modules\azure\lib\serviceruntime\protocol1runtimecurrentstateclient.js'</message>
    </entry>
    <entry time="2013-07-03T17:50:24.7750811Z" id="3c67a7eb-5ea4-4a29-b7e1-3ea77577eae5" type="0">
      <message>Copying file: 'node_modules\azure\lib\serviceruntime\protocol1runtimegoalstateclient.js'</message>
    </entry>
    <entry time="2013-07-03T17:50:24.790709Z" id="c2cc1814-ad65-4785-9b38-1ea957324051" type="0">
      <message>Copying file: 'node_modules\azure\lib\serviceruntime\roleenvironment.js'</message>
    </entry>
    <entry time="2013-07-03T17:50:24.8063276Z" id="90541972-fb3e-4193-b7d2-6ac3760a8708" type="0">
      <message>Copying file: 'node_modules\azure\lib\serviceruntime\runtimekernel.js'</message>
    </entry>
    <entry time="2013-07-03T17:50:24.8219543Z" id="1055ccba-548c-49bb-a025-44839581d1fd" type="0">
      <message>Copying file: 'node_modules\azure\lib\serviceruntime\runtimeversionmanager.js'</message>
    </entry>
    <entry time="2013-07-03T17:50:24.8375837Z" id="0ec7f323-1af8-4950-91c7-2a28260a85ed" type="0">
      <message>Copying file: 'node_modules\azure\lib\serviceruntime\runtimeversionprotocolclient.js'</message>
    </entry>
    <entry time="2013-07-03T17:50:24.8375837Z" id="1c93c3ea-6474-48d7-b89e-92afbb561506" type="0">
      <message>Copying file: 'node_modules\azure\lib\serviceruntime\xmlcurrentstateserializer.js'</message>
    </entry>
    <entry time="2013-07-03T17:50:24.8532015Z" id="eb3ce206-4554-4262-8490-8e3638c39696" type="0">
      <message>Copying file: 'node_modules\azure\lib\serviceruntime\xmlgoalstatedeserializer.js'</message>
    </entry>
    <entry time="2013-07-03T17:50:24.8688269Z" id="a9cfacff-f3cd-4315-818e-e5d05389637d" type="0">
      <message>Copying file: 'node_modules\azure\lib\serviceruntime\xmlroleenvironmentdatadeserializer.js'</message>
    </entry>
    <entry time="2013-07-03T17:50:24.8844517Z" id="11f1e755-3657-4509-a3cf-88344504c7f9" type="0">
      <message>Copying file: 'node_modules\azure\lib\services\blob\blobservice.js'</message>
    </entry>
    <entry time="2013-07-03T17:50:24.8844517Z" id="17603477-94f0-4e18-a8cb-3241409094f2" type="0">
      <message>Copying file: 'node_modules\azure\lib\services\blob\internal\sharedaccesssignature.js'</message>
    </entry>
    <entry time="2013-07-03T17:50:24.9000809Z" id="ca2113d6-d6f5-4873-9a36-a41626f99ee7" type="0">
      <message>Copying file: 'node_modules\azure\lib\services\blob\internal\sharedkey.js'</message>
    </entry>
    <entry time="2013-07-03T17:50:24.9157029Z" id="cb713430-19c7-490b-b253-c13dcb7c83d1" type="0">
      <message>Copying file: 'node_modules\azure\lib\services\blob\internal\sharedkeylite.js'</message>
    </entry>
    <entry time="2013-07-03T17:50:24.9313417Z" id="4feb5695-b28e-442c-bb06-f0e6c1e14c2e" type="0">
      <message>Copying file: 'node_modules\azure\lib\services\blob\models\blobresult.js'</message>
    </entry>
    <entry time="2013-07-03T17:50:24.9469451Z" id="72a3dfea-6e07-449b-a9b9-8686609a30e6" type="0">
      <message>Copying file: 'node_modules\azure\lib\services\blob\models\blocklistresult.js'</message>
    </entry>
    <entry time="2013-07-03T17:50:24.9625851Z" id="8dd9d48d-11fb-41a0-9b7d-1320ecd8c43d" type="0">
      <message>Copying file: 'node_modules\azure\lib\services\blob\models\containeraclresult.js'</message>
    </entry>
    <entry time="2013-07-03T17:50:25.0250676Z" id="93566a86-3850-4666-9004-4034df379f1c" type="0">
      <message>Copying file: 'node_modules\azure\lib\services\blob\models\containerresult.js'</message>
    </entry>
    <entry time="2013-07-03T17:50:25.0406944Z" id="e4acfc63-e1e8-4a64-859d-e2f3661a4aa8" type="0">
      <message>Copying file: 'node_modules\azure\lib\services\blob\models\leaseresult.js'</message>
    </entry>
    <entry time="2013-07-03T17:50:25.0406944Z" id="8df194f9-5c67-4e2b-8c59-f502d1d135d6" type="0">
      <message>Copying file: 'node_modules\azure\lib\services\blob\models\listblobsresultcontinuation.js'</message>
    </entry>
    <entry time="2013-07-03T17:50:25.0563259Z" id="930ca6ff-e6d8-4228-ac4e-eb8669a21966" type="0">
      <message>Copying file: 'node_modules\azure\lib\services\blob\models\listcontainersresultcontinuation.js'</message>
    </entry>
    <entry time="2013-07-03T17:50:25.0719512Z" id="312de0fb-2f6a-4596-a93d-d1ed096c8782" type="0">
      <message>Omitting next output lines...</message>
    </entry>
    <entry time="2013-07-03T17:50:41.1236092Z" id="7abdf7fb-3e8a-44e0-8339-4a3af1397690" type="0">
      <message>The package.json file does not specify node.js engine version constraints.</message>
    </entry>
    <entry time="2013-07-03T17:50:41.1392295Z" id="e787b5c4-0512-4966-8561-06d390973990" type="0">
      <message>The node.js application will run with the default node.js version 0.6.20.</message>
    </entry>
    <entry time="2013-07-03T17:50:42.2641925Z" id="0bc58ceb-84a1-4f52-b61a-32e8b54e53b0" type="0">
      <message>Finished successfully.</message>
    </entry>
  </entry>
  <entry time="2013-07-03T17:50:42.3423093Z" id="30ce92f7-bb8f-45de-beef-c99fbc079dcb" type="0">
    <message>Deployment successful.</message>
  </entry>
</entries>