﻿<?xml version="1.0" encoding="utf-8"?>
<deployment>
  <id>c472e63a8afacdbabe13bc7aa8d81e3de279bad2</id>
  <author>Lars Erik Finholt</author>
  <deployer>leflef1</deployer>
  <authorEmail>lars.erik.finholt@gmail.com</authorEmail>
  <message>    added node_modules again since its required by azure
</message>
  <progress></progress>
  <status>Success</status>
  <statusText></statusText>
  <lastSuccessEndTime>2013-07-03T16:47:56.1345856Z</lastSuccessEndTime>
  <receivedTime>2013-07-03T16:47:43.8391256Z</receivedTime>
  <startTime>2013-07-03T16:47:48.1667531Z</startTime>
  <endTime>2013-07-03T16:47:56.1345856Z</endTime>
  <complete>True</complete>
  <is_temp>False</is_temp>
</deployment>