﻿<?xml version="1.0" encoding="utf-8"?>
<deployment>
  <id>ccae7e35a29be0f064b4444fc959e7d669b2ac0a</id>
  <author>Lars Erik Finholt</author>
  <deployer>leflef1</deployer>
  <authorEmail>lars.erik.finholt@gmail.com</authorEmail>
  <message>    sd
</message>
  <progress></progress>
  <status>Success</status>
  <statusText></statusText>
  <lastSuccessEndTime>2013-07-03T17:46:10.4307925Z</lastSuccessEndTime>
  <receivedTime>2013-07-03T17:46:05.9391325Z</receivedTime>
  <startTime>2013-07-03T17:46:07.7883829Z</startTime>
  <endTime>2013-07-03T17:46:10.4307925Z</endTime>
  <complete>True</complete>
  <is_temp>False</is_temp>
</deployment>