﻿<?xml version="1.0" encoding="utf-8"?>
<deployment>
  <id>62d9b89fa37ac60e93df4ecb9f190245606eb9c1</id>
  <author>Lars Erik Finholt</author>
  <deployer>leflef1</deployer>
  <authorEmail>lars.erik.finholt@gmail.com</authorEmail>
  <message>    xzc
</message>
  <progress></progress>
  <status>Success</status>
  <statusText></statusText>
  <lastSuccessEndTime>2013-07-03T19:48:31.5763256Z</lastSuccessEndTime>
  <receivedTime>2013-07-03T19:48:24.9216951Z</receivedTime>
  <startTime>2013-07-03T19:48:26.5974608Z</startTime>
  <endTime>2013-07-03T19:48:31.5763256Z</endTime>
  <complete>True</complete>
  <is_temp>False</is_temp>
</deployment>