﻿<?xml version="1.0" encoding="utf-8"?>
<entries>
  <entry time="2013-07-02T13:06:45.0085467Z" id="87d240d2-4a4e-4916-829e-09bc4bd55f7b" type="0">
    <message>Updating branch 'master'.</message>
  </entry>
  <entry time="2013-07-02T13:06:46.0865482Z" id="c6927b3d-86b5-4f1d-897a-903fe64fa541" type="0">
    <message>Updating submodules.</message>
  </entry>
  <entry time="2013-07-02T13:06:46.1490414Z" id="cc3c3266-7a4c-4247-9684-65fb49065de2" type="0">
    <message>Preparing deployment for commit id '42e941f4f7'.</message>
  </entry>
  <entry time="2013-07-02T13:06:46.711485Z" id="34d8b9d1-8135-42a7-8f7f-06e96232e010" type="0">
    <message>Generating deployment script.</message>
    <entry time="2013-07-02T13:06:46.7427236Z" id="699b0089-f040-4a2b-8e38-7b160ffe65c3" type="0">
      <message>Using cached version of deployment script (command: 'azure site deploymentscript -y --no-dot-deployment -r "C:\DWASFiles\Sites\kjokken\VirtualDirectory0\site\repository" -o "C:\DWASFiles\Sites\kjokken\VirtualDirectory0\site\deployments\tools" --node --sitePath "C:\DWASFiles\Sites\kjokken\VirtualDirectory0\site\repository\dist"').</message>
    </entry>
  </entry>
  <entry time="2013-07-02T13:06:46.7739705Z" id="cdc975f6-5e13-4167-8e68-2ed533531b50" type="1">
    <message>Running deployment command...</message>
    <entry time="2013-07-02T13:06:46.7739705Z" id="2308a88c-e3c6-44ed-80ed-a4f01a48926d" type="0">
      <message>Command: C:\DWASFiles\Sites\kjokken\VirtualDirectory0\site\deployments\tools\deploy.cmd</message>
    </entry>
    <entry time="2013-07-02T13:06:47.1490617Z" id="25472067-9f44-42df-96e1-aa411fb93f21" type="0">
      <message>Handling node.js deployment.</message>
    </entry>
    <entry time="2013-07-02T13:06:47.7269933Z" id="7f12afac-81c1-4ef6-a9a7-74ac697fae6e" type="0">
      <message>KuduSync.NET from: 'C:\DWASFiles\Sites\kjokken\VirtualDirectory0\site\repository\dist' to: 'C:\DWASFiles\Sites\kjokken\VirtualDirectory0\site\wwwroot'</message>
    </entry>
    <entry time="2013-07-02T13:06:47.7269933Z" id="4239c443-7731-472c-a225-5c2fb12d43dd" type="0">
      <message>Copying file: 'web.config'</message>
    </entry>
    <entry time="2013-07-02T13:06:47.8363556Z" id="97b01d27-48f2-4b2b-8186-6318301d9a5e" type="0">
      <message>The package.json file does not specify node.js engine version constraints.</message>
    </entry>
    <entry time="2013-07-02T13:06:47.8675958Z" id="cccbe216-1c89-4c39-b915-f4d1819cc161" type="0">
      <message>The node.js application will run with the default node.js version 0.6.20.</message>
    </entry>
    <entry time="2013-07-02T13:06:48.5393895Z" id="6dfff104-9feb-497e-8000-36595a81e548" type="1">
      <message>npm WARN package.json APPNAME@0.0.1 No README.md file found!</message>
    </entry>
    <entry time="2013-07-02T13:06:48.6175068Z" id="6cc6817d-5bba-462e-bf56-eca46b9fe97c" type="0">
      <message>Finished successfully.</message>
    </entry>
  </entry>
  <entry time="2013-07-02T13:06:48.9143485Z" id="f60c377e-5cf9-4d06-9c3b-28e3d0ca433b" type="0">
    <message>Deployment successful.</message>
  </entry>
</entries>