﻿<?xml version="1.0" encoding="utf-8"?>
<deployment>
  <id>cf98e8fa406135a7c3e3b9aad302cc5ec9224fe9</id>
  <author>Lars Erik Finholt</author>
  <deployer>leflef1</deployer>
  <authorEmail>lars.erik.finholt@gmail.com</authorEmail>
  <message>    asd
</message>
  <progress></progress>
  <status>Success</status>
  <statusText></statusText>
  <lastSuccessEndTime>2013-07-03T18:57:11.885952Z</lastSuccessEndTime>
  <receivedTime>2013-07-03T18:57:05.9996533Z</receivedTime>
  <startTime>2013-07-03T18:57:07.1739687Z</startTime>
  <endTime>2013-07-03T18:57:11.885952Z</endTime>
  <complete>True</complete>
  <is_temp>False</is_temp>
</deployment>