﻿<?xml version="1.0" encoding="utf-8"?>
<entries>
  <entry time="2013-07-03T18:00:29.6197726Z" id="f38e5c50-c815-4cbc-95a3-c32a1cba36d7" type="0">
    <message>Updating branch 'master'.</message>
  </entry>
  <entry time="2013-07-03T18:00:30.6716025Z" id="51ca6307-22be-4b52-9ef4-b8e60446a3f4" type="0">
    <message>Updating submodules.</message>
  </entry>
  <entry time="2013-07-03T18:00:30.7184841Z" id="2e9dcb1d-f8ba-4b15-a1fa-2e6d57f79822" type="0">
    <message>Preparing deployment for commit id 'd9bc1c68d0'.</message>
  </entry>
  <entry time="2013-07-03T18:00:31.6921349Z" id="a685a3bf-8905-483f-9047-98dbef6263ed" type="0">
    <message>Generating deployment script.</message>
    <entry time="2013-07-03T18:00:31.7077665Z" id="ad7111d2-aac3-435a-b135-dc9d390330bf" type="0">
      <message>Using cached version of deployment script (command: 'azure site deploymentscript -y --no-dot-deployment -r "C:\DWASFiles\Sites\kjokken\VirtualDirectory0\site\repository" -o "C:\DWASFiles\Sites\kjokken\VirtualDirectory0\site\deployments\tools" --node --sitePath "C:\DWASFiles\Sites\kjokken\VirtualDirectory0\site\repository\dist"').</message>
    </entry>
  </entry>
  <entry time="2013-07-03T18:00:31.754641Z" id="c2f430af-5fd3-46c0-b65f-5aa2e5dca5eb" type="0">
    <message>Running deployment command...</message>
    <entry time="2013-07-03T18:00:31.7739219Z" id="bcc4170a-0f64-484a-ba7a-3860cff5d79f" type="0">
      <message>Command: C:\DWASFiles\Sites\kjokken\VirtualDirectory0\site\deployments\tools\deploy.cmd</message>
    </entry>
    <entry time="2013-07-03T18:00:32.1168262Z" id="b5e2cb55-ac0e-4713-96eb-4a781fb36c31" type="0">
      <message>Handling node.js deployment.</message>
    </entry>
    <entry time="2013-07-03T18:00:33.9880217Z" id="c19ebbe5-235e-4632-b42f-a960c45def08" type="0">
      <message>KuduSync.NET from: 'C:\DWASFiles\Sites\kjokken\VirtualDirectory0\site\repository\dist' to: 'C:\DWASFiles\Sites\kjokken\VirtualDirectory0\site\wwwroot'</message>
    </entry>
    <entry time="2013-07-03T18:00:34.0036392Z" id="6a45740d-6999-4feb-b13c-2b2e902911bd" type="0">
      <message>Copying file: 'web.config'</message>
    </entry>
    <entry time="2013-07-03T18:00:34.1130096Z" id="19d24b76-fb73-496d-84cf-a5cacc8b16b0" type="0">
      <message>Node.js versions available on the platform are: 0.6.17, 0.6.20, 0.8.19, 0.8.2.</message>
    </entry>
    <entry time="2013-07-03T18:00:34.1286411Z" id="8495d514-10ba-45d1-ae93-4ae486f5fa62" type="0">
      <message>Selected node.js version 0.8.19. Use package.json file to choose a different version.</message>
    </entry>
    <entry time="2013-07-03T18:00:34.9723657Z" id="34c59e0a-d14c-4aba-9c9f-4046cc327ae5" type="0">
      <message>Finished successfully.</message>
    </entry>
  </entry>
  <entry time="2013-07-03T18:00:35.3785996Z" id="38948d3c-7c95-48a3-954c-b6f51d518936" type="0">
    <message>Deployment successful.</message>
  </entry>
</entries>