﻿<?xml version="1.0" encoding="utf-8"?>
<deployment>
  <id>1fed6b7f021aca92857873e30d5257458cb75995</id>
  <author>Lars Erik Finholt</author>
  <deployer>leflef1</deployer>
  <authorEmail>lars.erik.finholt@gmail.com</authorEmail>
  <message>    asd
</message>
  <progress></progress>
  <status>Success</status>
  <statusText></statusText>
  <lastSuccessEndTime>2013-07-03T18:58:23.0040732Z</lastSuccessEndTime>
  <receivedTime>2013-07-03T18:58:17.1269966Z</receivedTime>
  <startTime>2013-07-03T18:58:18.3307856Z</startTime>
  <endTime>2013-07-03T18:58:23.0040732Z</endTime>
  <complete>True</complete>
  <is_temp>False</is_temp>
</deployment>