﻿<?xml version="1.0" encoding="utf-8"?>
<deployment>
  <id>e7d3ae73142841e12dbbabec2934de3d2d3379bc</id>
  <author>Lars Erik Finholt</author>
  <deployer>leflef1</deployer>
  <authorEmail>lars.erik.finholt@gmail.com</authorEmail>
  <message>    more debugging
</message>
  <progress></progress>
  <status>Success</status>
  <statusText></statusText>
  <lastSuccessEndTime>2013-07-02T12:49:02.0045701Z</lastSuccessEndTime>
  <receivedTime>2013-07-02T12:48:58.0362866Z</receivedTime>
  <startTime>2013-07-02T12:48:59.2705084Z</startTime>
  <endTime>2013-07-02T12:49:02.0045701Z</endTime>
  <complete>True</complete>
  <is_temp>False</is_temp>
</deployment>