﻿<?xml version="1.0" encoding="utf-8"?>
<deployment>
  <id>d9bc1c68d036dd9a8874cc6011e99a531b4b0f9a</id>
  <author>Lars Erik Finholt</author>
  <deployer>leflef1</deployer>
  <authorEmail>lars.erik.finholt@gmail.com</authorEmail>
  <message>    sa
</message>
  <progress></progress>
  <status>Success</status>
  <statusText></statusText>
  <lastSuccessEndTime>2013-07-03T18:00:35.3942247Z</lastSuccessEndTime>
  <receivedTime>2013-07-03T18:00:29.5572602Z</receivedTime>
  <startTime>2013-07-03T18:00:30.7341091Z</startTime>
  <endTime>2013-07-03T18:00:35.3942247Z</endTime>
  <complete>True</complete>
  <is_temp>False</is_temp>
</deployment>