﻿<?xml version="1.0" encoding="utf-8"?>
<deployment>
  <id>e0f8044d79242721f9ddb1a06ce3a0397408dda7</id>
  <author>Lars Erik Finholt</author>
  <deployer>leflef1</deployer>
  <authorEmail>lars.erik.finholt@gmail.com</authorEmail>
  <message>    sad
</message>
  <progress></progress>
  <status>Success</status>
  <statusText></statusText>
  <lastSuccessEndTime>2013-07-03T18:55:23.6809758Z</lastSuccessEndTime>
  <receivedTime>2013-07-03T18:55:17.7821333Z</receivedTime>
  <startTime>2013-07-03T18:55:18.9717997Z</startTime>
  <endTime>2013-07-03T18:55:23.6809758Z</endTime>
  <complete>True</complete>
  <is_temp>False</is_temp>
</deployment>