﻿<?xml version="1.0" encoding="utf-8"?>
<deployment>
  <id>763a141a1f097635fd2ad80f328412bed96026b1</id>
  <author>Lars Erik Finholt</author>
  <deployer>leflef1</deployer>
  <authorEmail>lars.erik.finholt@gmail.com</authorEmail>
  <message>    ytr
</message>
  <progress></progress>
  <status>Success</status>
  <statusText></statusText>
  <lastSuccessEndTime>2013-07-03T18:13:32.1967379Z</lastSuccessEndTime>
  <receivedTime>2013-07-03T18:13:25.2275291Z</receivedTime>
  <startTime>2013-07-03T18:13:26.5923754Z</startTime>
  <endTime>2013-07-03T18:13:32.1967379Z</endTime>
  <complete>True</complete>
  <is_temp>False</is_temp>
</deployment>