﻿<?xml version="1.0" encoding="utf-8"?>
<deployment>
  <id>20e596d7c84650f4a9df7afd00f2ce3fb3e4d516</id>
  <author>Lars Erik Finholt</author>
  <deployer>leflef1</deployer>
  <authorEmail>lars.erik.finholt@gmail.com</authorEmail>
  <message>    sad
</message>
  <progress></progress>
  <status>Success</status>
  <statusText></statusText>
  <lastSuccessEndTime>2013-07-03T18:09:14.4196812Z</lastSuccessEndTime>
  <receivedTime>2013-07-03T18:09:08.5637832Z</receivedTime>
  <startTime>2013-07-03T18:09:09.738303Z</startTime>
  <endTime>2013-07-03T18:09:14.4196812Z</endTime>
  <complete>True</complete>
  <is_temp>False</is_temp>
</deployment>