﻿<?xml version="1.0" encoding="utf-8"?>
<deployment>
  <id>fd0aa53aa1f534e6c663bc6fdb09224a02c55cab</id>
  <author>Lars Erik Finholt</author>
  <deployer>leflef1</deployer>
  <authorEmail>lars.erik.finholt@gmail.com</authorEmail>
  <message>    zxc
</message>
  <progress></progress>
  <status>Success</status>
  <statusText></statusText>
  <lastSuccessEndTime>2013-07-03T19:51:01.9005963Z</lastSuccessEndTime>
  <receivedTime>2013-07-03T19:50:55.9093525Z</receivedTime>
  <startTime>2013-07-03T19:50:57.0900327Z</startTime>
  <endTime>2013-07-03T19:51:01.9005963Z</endTime>
  <complete>True</complete>
  <is_temp>False</is_temp>
</deployment>