﻿<?xml version="1.0" encoding="utf-8"?>
<deployment>
  <id>6e74d694bbd2ba48067b0e59a668544f4e9ab018</id>
  <author>Lars Erik Finholt</author>
  <deployer>leflef1</deployer>
  <authorEmail>lars.erik.finholt@gmail.com</authorEmail>
  <message>    included dist folder
</message>
  <progress></progress>
  <status>Success</status>
  <statusText></statusText>
  <lastSuccessEndTime>2013-07-02T12:42:09.4334636Z</lastSuccessEndTime>
  <receivedTime>2013-07-02T12:41:55.5288158Z</receivedTime>
  <startTime>2013-07-02T12:41:59.3877359Z</startTime>
  <endTime>2013-07-02T12:42:09.4334636Z</endTime>
  <complete>True</complete>
  <is_temp>False</is_temp>
</deployment>