﻿<?xml version="1.0" encoding="utf-8"?>
<entries>
  <entry time="2013-07-03T16:47:43.8859967Z" id="01b0b9e2-4acb-4b81-9dcc-46146a4ef50c" type="0">
    <message>Updating branch 'master'.</message>
  </entry>
  <entry time="2013-07-03T16:47:48.0573976Z" id="4747270f-69d6-4b42-9165-d20da551b992" type="0">
    <message>Updating submodules.</message>
  </entry>
  <entry time="2013-07-03T16:47:48.1355269Z" id="4afc12dc-c9b1-41ea-9b66-be8b8456ab35" type="0">
    <message>Preparing deployment for commit id 'c472e63a8a'.</message>
  </entry>
  <entry time="2013-07-03T16:47:48.760441Z" id="fd3b92d4-cad4-4b07-b0e8-fd5920933d50" type="0">
    <message>Generating deployment script.</message>
    <entry time="2013-07-03T16:47:48.80731Z" id="b7c677a7-5d20-4350-9bca-8d7836c9cae6" type="0">
      <message>Using cached version of deployment script (command: 'azure site deploymentscript -y --no-dot-deployment -r "C:\DWASFiles\Sites\kjokken\VirtualDirectory0\site\repository" -o "C:\DWASFiles\Sites\kjokken\VirtualDirectory0\site\deployments\tools" --node --sitePath "C:\DWASFiles\Sites\kjokken\VirtualDirectory0\site\repository\dist"').</message>
    </entry>
  </entry>
  <entry time="2013-07-03T16:47:48.8385561Z" id="37475353-51e9-4283-98b3-494c24f256ae" type="1">
    <message>Running deployment command...</message>
    <entry time="2013-07-03T16:47:48.8385561Z" id="a27107c0-947b-423f-83ce-9f2499c05ae7" type="0">
      <message>Command: C:\DWASFiles\Sites\kjokken\VirtualDirectory0\site\deployments\tools\deploy.cmd</message>
    </entry>
    <entry time="2013-07-03T16:47:49.2291419Z" id="9dad5b16-7f34-4635-b34e-ec67d321f491" type="0">
      <message>Handling node.js deployment.</message>
    </entry>
    <entry time="2013-07-03T16:47:49.572847Z" id="f50648f9-7f20-4721-a308-edef9c3e544a" type="0">
      <message>KuduSync.NET from: 'C:\DWASFiles\Sites\kjokken\VirtualDirectory0\site\repository\dist' to: 'C:\DWASFiles\Sites\kjokken\VirtualDirectory0\site\wwwroot'</message>
    </entry>
    <entry time="2013-07-03T16:47:49.588482Z" id="e0036ddd-21aa-49df-8a51-f53b6f7afb2b" type="0">
      <message>Copying file: 'node_modules\.bin\express'</message>
    </entry>
    <entry time="2013-07-03T16:47:49.6041267Z" id="709a3a43-256b-43c8-984b-becad932f05f" type="0">
      <message>Copying file: 'node_modules\.bin\express.cmd'</message>
    </entry>
    <entry time="2013-07-03T16:47:49.6041267Z" id="4d173d46-d518-456b-92a5-7997a4ed2b3a" type="0">
      <message>Copying file: 'node_modules\consolidate\.npmignore'</message>
    </entry>
    <entry time="2013-07-03T16:47:49.6197077Z" id="eb1edf7a-a14c-4fa7-8d1b-bfcadf3fb928" type="0">
      <message>Copying file: 'node_modules\consolidate\History.md'</message>
    </entry>
    <entry time="2013-07-03T16:47:49.6353429Z" id="1e20cd48-e655-4056-99a0-1cf09997a031" type="0">
      <message>Copying file: 'node_modules\consolidate\index.js'</message>
    </entry>
    <entry time="2013-07-03T16:47:49.6353429Z" id="afc23714-f615-4808-8172-37c16d50955c" type="0">
      <message>Copying file: 'node_modules\consolidate\Makefile'</message>
    </entry>
    <entry time="2013-07-03T16:47:49.6509571Z" id="0c843d70-2f10-41c1-af26-8d6574f81efd" type="0">
      <message>Copying file: 'node_modules\consolidate\package.json'</message>
    </entry>
    <entry time="2013-07-03T16:47:49.6509571Z" id="d2c0934b-5c27-4aa7-8284-09bc75350a81" type="0">
      <message>Copying file: 'node_modules\consolidate\Readme.md'</message>
    </entry>
    <entry time="2013-07-03T16:47:49.6665873Z" id="b3406ba5-ef37-40d8-8d58-f1f552cb19e0" type="0">
      <message>Copying file: 'node_modules\consolidate\lib\consolidate.js'</message>
    </entry>
    <entry time="2013-07-03T16:47:49.6822766Z" id="2d066b0a-16d2-4562-bcc6-b08819ea0cd1" type="0">
      <message>Copying file: 'node_modules\ejs\.gitmodules'</message>
    </entry>
    <entry time="2013-07-03T16:47:49.6822766Z" id="e12eb381-6f18-4ffe-ab58-dd6da09d317b" type="0">
      <message>Copying file: 'node_modules\ejs\.npmignore'</message>
    </entry>
    <entry time="2013-07-03T16:47:49.6978231Z" id="d692c633-a750-4449-9c8a-ccdb3deddd64" type="0">
      <message>Copying file: 'node_modules\ejs\.travis.yml'</message>
    </entry>
    <entry time="2013-07-03T16:47:49.6978231Z" id="a29ab1ae-8762-4476-b3ad-f59b6c9a416d" type="0">
      <message>Copying file: 'node_modules\ejs\benchmark.js'</message>
    </entry>
    <entry time="2013-07-03T16:47:49.713448Z" id="1e172744-6580-4a8e-9849-92d80512464d" type="0">
      <message>Copying file: 'node_modules\ejs\ejs.js'</message>
    </entry>
    <entry time="2013-07-03T16:47:49.7290709Z" id="823b2b62-7cbe-4905-9d07-dc6edaba268b" type="0">
      <message>Copying file: 'node_modules\ejs\ejs.min.js'</message>
    </entry>
    <entry time="2013-07-03T16:47:49.7290709Z" id="12c3e7e5-a421-4334-9267-db1a1bad0c2c" type="0">
      <message>Copying file: 'node_modules\ejs\History.md'</message>
    </entry>
    <entry time="2013-07-03T16:47:49.7447039Z" id="25d383fb-746e-4820-aab7-5a949199819d" type="0">
      <message>Copying file: 'node_modules\ejs\index.js'</message>
    </entry>
    <entry time="2013-07-03T16:47:49.7603306Z" id="da471bb5-af80-4198-88df-02e1e02a1305" type="0">
      <message>Copying file: 'node_modules\ejs\Makefile'</message>
    </entry>
    <entry time="2013-07-03T16:47:49.7915721Z" id="0dbc2dc8-7c82-47bb-9f48-fa101b72aca6" type="0">
      <message>Copying file: 'node_modules\ejs\package.json'</message>
    </entry>
    <entry time="2013-07-03T16:47:49.8071881Z" id="e6b45b65-fb58-4c54-a833-bc9e3cece6bb" type="0">
      <message>Copying file: 'node_modules\ejs\Readme.md'</message>
    </entry>
    <entry time="2013-07-03T16:47:49.8071881Z" id="d91eee6b-9c6f-4238-9765-ee42772cc31d" type="0">
      <message>Copying file: 'node_modules\ejs\examples\client.html'</message>
    </entry>
    <entry time="2013-07-03T16:47:49.8228279Z" id="93b6057b-95b1-486f-8593-1de3f847bc93" type="0">
      <message>Copying file: 'node_modules\ejs\examples\functions.ejs'</message>
    </entry>
    <entry time="2013-07-03T16:47:49.838433Z" id="60c53483-843a-46ea-a8a7-4ded3179a74b" type="0">
      <message>Copying file: 'node_modules\ejs\examples\functions.js'</message>
    </entry>
    <entry time="2013-07-03T16:47:49.838433Z" id="795ea4a2-f428-47df-9812-179230f3e48a" type="0">
      <message>Copying file: 'node_modules\ejs\examples\list.ejs'</message>
    </entry>
    <entry time="2013-07-03T16:47:49.8540843Z" id="0efd6963-8451-4eb5-8287-591c72394fc8" type="0">
      <message>Copying file: 'node_modules\ejs\examples\list.js'</message>
    </entry>
    <entry time="2013-07-03T16:47:49.8697024Z" id="221253ec-a144-498a-9e7d-ea23ef435736" type="0">
      <message>Copying file: 'node_modules\ejs\lib\ejs.js'</message>
    </entry>
    <entry time="2013-07-03T16:47:49.8853036Z" id="849e7fff-4327-4a09-8035-81f59fb81c0a" type="0">
      <message>Copying file: 'node_modules\ejs\lib\filters.js'</message>
    </entry>
    <entry time="2013-07-03T16:47:49.900937Z" id="7acb0394-829e-46b7-8725-de428810efb8" type="0">
      <message>Copying file: 'node_modules\ejs\lib\utils.js'</message>
    </entry>
    <entry time="2013-07-03T16:47:49.900937Z" id="524bc4d7-fc06-46ee-a1ae-51c9dfe84e6f" type="0">
      <message>Copying file: 'node_modules\ejs\support\compile.js'</message>
    </entry>
    <entry time="2013-07-03T16:47:49.9321775Z" id="aecf96d0-40d6-4939-ade8-cfc81f9f9dea" type="0">
      <message>Copying file: 'node_modules\ejs\test\ejs.js'</message>
    </entry>
    <entry time="2013-07-03T16:47:49.9477939Z" id="2908376b-64e0-4488-87a3-03b912e97182" type="0">
      <message>Copying file: 'node_modules\ejs\test\fixtures\backslash.ejs'</message>
    </entry>
    <entry time="2013-07-03T16:47:49.9634186Z" id="5cf834a6-7e39-479a-9fd6-69d090db6ccb" type="0">
      <message>Copying file: 'node_modules\ejs\test\fixtures\backslash.html'</message>
    </entry>
    <entry time="2013-07-03T16:47:50.0415425Z" id="bf024c62-22bb-4698-b8f1-b0c20f3704e0" type="0">
      <message>Copying file: 'node_modules\ejs\test\fixtures\comments.ejs'</message>
    </entry>
    <entry time="2013-07-03T16:47:50.0571741Z" id="12c6b8d3-65d7-48b8-b24c-7e894531ca78" type="0">
      <message>Copying file: 'node_modules\ejs\test\fixtures\comments.html'</message>
    </entry>
    <entry time="2013-07-03T16:47:50.1040448Z" id="13928e96-7b23-48a0-9e04-e9a5f85224ae" type="0">
      <message>Copying file: 'node_modules\ejs\test\fixtures\double-quote.ejs'</message>
    </entry>
    <entry time="2013-07-03T16:47:50.1352759Z" id="e6a585a9-196a-4562-9ba0-299799f72baa" type="0">
      <message>Copying file: 'node_modules\ejs\test\fixtures\double-quote.html'</message>
    </entry>
    <entry time="2013-07-03T16:47:50.1508976Z" id="b25df0c8-6476-4a5e-bf80-8b71c23bf9d6" type="0">
      <message>Copying file: 'node_modules\ejs\test\fixtures\error.ejs'</message>
    </entry>
    <entry time="2013-07-03T16:47:50.1665283Z" id="dc414909-ef18-4103-b480-9766ece37c3c" type="0">
      <message>Copying file: 'node_modules\ejs\test\fixtures\error.out'</message>
    </entry>
    <entry time="2013-07-03T16:47:50.182143Z" id="c0e8dfba-64a4-4239-a62e-748998f814d7" type="0">
      <message>Copying file: 'node_modules\ejs\test\fixtures\fail.ejs'</message>
    </entry>
    <entry time="2013-07-03T16:47:50.182143Z" id="203fd17b-e0bb-43c8-9fac-c23799f3a07d" type="0">
      <message>Copying file: 'node_modules\ejs\test\fixtures\include.css.ejs'</message>
    </entry>
    <entry time="2013-07-03T16:47:50.1977663Z" id="9777cbaf-7d18-4fa9-b89e-52f62f020366" type="0">
      <message>Copying file: 'node_modules\ejs\test\fixtures\include.css.html'</message>
    </entry>
    <entry time="2013-07-03T16:47:50.2133902Z" id="c280f57f-a442-48e1-b978-fd43bcfca9de" type="0">
      <message>Copying file: 'node_modules\ejs\test\fixtures\include.ejs'</message>
    </entry>
    <entry time="2013-07-03T16:47:50.2290121Z" id="0433dff2-e21a-49a7-9092-a1ad1ceb7231" type="0">
      <message>Copying file: 'node_modules\ejs\test\fixtures\include.html'</message>
    </entry>
    <entry time="2013-07-03T16:47:50.2446453Z" id="ffe475fe-22a1-4b5c-bf06-c96c2863946f" type="0">
      <message>Copying file: 'node_modules\ejs\test\fixtures\menu.ejs'</message>
    </entry>
    <entry time="2013-07-03T16:47:50.2446453Z" id="42ee99c4-b1ae-4422-b701-8b49c6f04968" type="0">
      <message>Copying file: 'node_modules\ejs\test\fixtures\menu.html'</message>
    </entry>
    <entry time="2013-07-03T16:47:50.2602595Z" id="eda023a8-0ce5-4e73-897c-3904d558fe5c" type="0">
      <message>Copying file: 'node_modules\ejs\test\fixtures\messed.ejs'</message>
    </entry>
    <entry time="2013-07-03T16:47:50.2758838Z" id="b1015c3f-c6b0-4a77-8b0a-ad692d35b0e3" type="0">
      <message>Copying file: 'node_modules\ejs\test\fixtures\messed.html'</message>
    </entry>
    <entry time="2013-07-03T16:47:50.2915052Z" id="f0567012-bcf5-473d-9d9a-356819d9414d" type="0">
      <message>Copying file: 'node_modules\ejs\test\fixtures\newlines.ejs'</message>
    </entry>
    <entry time="2013-07-03T16:47:50.2915052Z" id="b85d7352-0b28-40d7-916e-f3f1a93ab1e4" type="0">
      <message>Copying file: 'node_modules\ejs\test\fixtures\newlines.html'</message>
    </entry>
    <entry time="2013-07-03T16:47:50.3071322Z" id="30ebc387-2e7c-414d-980e-2ff44051b654" type="0">
      <message>Omitting next output lines...</message>
    </entry>
    <entry time="2013-07-03T16:47:54.8222447Z" id="f8045a68-d745-4400-9b37-3f3a4017e462" type="0">
      <message>The package.json file does not specify node.js engine version constraints.</message>
    </entry>
    <entry time="2013-07-03T16:47:54.8378558Z" id="7c5588be-301a-4d37-bff1-3f3c59a4c4a5" type="0">
      <message>The node.js application will run with the default node.js version 0.6.20.</message>
    </entry>
    <entry time="2013-07-03T16:47:55.5409004Z" id="d0d00972-597d-4210-a74c-fc94653bf32f" type="1">
      <message>npm WARN package.json APPNAME@0.0.1 No README.md file found!</message>
    </entry>
    <entry time="2013-07-03T16:47:55.7440345Z" id="982958eb-c513-400c-8ab0-45ea65989fdb" type="0">
      <message>Finished successfully.</message>
    </entry>
  </entry>
  <entry time="2013-07-03T16:47:56.1189655Z" id="7730affe-c46a-45c7-9854-7a87245faf89" type="0">
    <message>Deployment successful.</message>
  </entry>
</entries>