﻿<?xml version="1.0" encoding="utf-8"?>
<entries>
  <entry time="2013-07-03T18:55:17.8602598Z" id="2e750d6c-c299-42d1-a993-4978722d8675" type="0">
    <message>Updating branch 'master'.</message>
  </entry>
  <entry time="2013-07-03T18:55:18.907399Z" id="bbabd3ba-1ad9-460e-ba3e-1521b345be97" type="0">
    <message>Updating submodules.</message>
  </entry>
  <entry time="2013-07-03T18:55:18.9561643Z" id="c65bf5a8-e531-49ab-86c8-c1a4cdada47f" type="0">
    <message>Preparing deployment for commit id 'e0f8044d79'.</message>
  </entry>
  <entry time="2013-07-03T18:55:19.973171Z" id="5df1f06e-0a6e-423a-9931-71bea033dd4b" type="0">
    <message>Generating deployment script.</message>
    <entry time="2013-07-03T18:55:19.9887874Z" id="07a0674b-9193-4d77-b736-38726737a1db" type="0">
      <message>Using cached version of deployment script (command: 'azure site deploymentscript -y --no-dot-deployment -r "C:\DWASFiles\Sites\kjokken\VirtualDirectory0\site\repository" -o "C:\DWASFiles\Sites\kjokken\VirtualDirectory0\site\deployments\tools" --node --sitePath "C:\DWASFiles\Sites\kjokken\VirtualDirectory0\site\repository\dist"').</message>
    </entry>
  </entry>
  <entry time="2013-07-03T18:55:20.0200527Z" id="ebb8909e-e9c3-4f2b-aa80-1860439ad021" type="0">
    <message>Running deployment command...</message>
    <entry time="2013-07-03T18:55:20.0356689Z" id="b0581e70-673e-41ac-a4b6-25799b38cb98" type="0">
      <message>Command: C:\DWASFiles\Sites\kjokken\VirtualDirectory0\site\deployments\tools\deploy.cmd</message>
    </entry>
    <entry time="2013-07-03T18:55:20.4262554Z" id="54c75760-9645-49d6-b3e5-e9aaee26206c" type="0">
      <message>Handling node.js deployment.</message>
    </entry>
    <entry time="2013-07-03T18:55:22.4310435Z" id="60ab918d-5aa6-4558-80c4-82830107cc26" type="0">
      <message>KuduSync.NET from: 'C:\DWASFiles\Sites\kjokken\VirtualDirectory0\site\repository\dist' to: 'C:\DWASFiles\Sites\kjokken\VirtualDirectory0\site\wwwroot'</message>
    </entry>
    <entry time="2013-07-03T18:55:22.4466667Z" id="9d6c843f-8c6c-4db8-9faa-281422f5c2c4" type="0">
      <message>Copying file: 'app.js'</message>
    </entry>
    <entry time="2013-07-03T18:55:22.4466667Z" id="731b9424-9f8b-4faa-9599-df4fefc8d168" type="0">
      <message>Copying file: 'server.js'</message>
    </entry>
    <entry time="2013-07-03T18:55:22.5872922Z" id="e114d7f1-3d71-4c42-9056-9af91e857f03" type="0">
      <message>Node.js versions available on the platform are: 0.6.17, 0.6.20, 0.8.19, 0.8.2.</message>
    </entry>
    <entry time="2013-07-03T18:55:22.6029065Z" id="530c5dcf-356f-4cac-8b4a-31c47ff4c109" type="0">
      <message>Selected node.js version 0.8.19. Use package.json file to choose a different version.</message>
    </entry>
    <entry time="2013-07-03T18:55:23.3997343Z" id="dd15bbdf-f226-48cc-909f-2fabdcf9bfdc" type="0">
      <message>Finished successfully.</message>
    </entry>
  </entry>
  <entry time="2013-07-03T18:55:23.6653377Z" id="0bb0bdeb-76d2-44ac-874b-2633a01f8a45" type="0">
    <message>Deployment successful.</message>
  </entry>
</entries>