﻿<?xml version="1.0" encoding="utf-8"?>
<entries>
  <entry time="2013-07-03T18:57:06.0621288Z" id="3dccb27d-047f-41f4-9c4b-c7a0b28632e5" type="0">
    <message>Updating branch 'master'.</message>
  </entry>
  <entry time="2013-07-03T18:57:07.1114643Z" id="736cdb76-583b-4221-9b79-94fc35beb8bd" type="0">
    <message>Updating submodules.</message>
  </entry>
  <entry time="2013-07-03T18:57:07.158345Z" id="54c80872-4600-413f-982e-27d70ee646d9" type="0">
    <message>Preparing deployment for commit id 'cf98e8fa40'.</message>
  </entry>
  <entry time="2013-07-03T18:57:08.1306068Z" id="5c00a3a6-df21-445e-a57c-da0cf19b9733" type="0">
    <message>Generating deployment script.</message>
    <entry time="2013-07-03T18:57:08.1462356Z" id="d8f11864-2fd6-4d01-84a3-a1f679d67c32" type="0">
      <message>Using cached version of deployment script (command: 'azure site deploymentscript -y --no-dot-deployment -r "C:\DWASFiles\Sites\kjokken\VirtualDirectory0\site\repository" -o "C:\DWASFiles\Sites\kjokken\VirtualDirectory0\site\deployments\tools" --node --sitePath "C:\DWASFiles\Sites\kjokken\VirtualDirectory0\site\repository\dist"').</message>
    </entry>
  </entry>
  <entry time="2013-07-03T18:57:08.2399858Z" id="0f528be2-631d-4258-9c2f-6ec644ea9df0" type="0">
    <message>Running deployment command...</message>
    <entry time="2013-07-03T18:57:08.2555991Z" id="9bcc591d-870f-43d2-adde-f03fef7a3957" type="0">
      <message>Command: C:\DWASFiles\Sites\kjokken\VirtualDirectory0\site\deployments\tools\deploy.cmd</message>
    </entry>
    <entry time="2013-07-03T18:57:08.6305735Z" id="c0bb8f5e-dd14-4968-9426-d53ec86c7533" type="0">
      <message>Handling node.js deployment.</message>
    </entry>
    <entry time="2013-07-03T18:57:10.276144Z" id="3ec7bd94-d091-4221-a022-592f60391849" type="0">
      <message>KuduSync.NET from: 'C:\DWASFiles\Sites\kjokken\VirtualDirectory0\site\repository\dist' to: 'C:\DWASFiles\Sites\kjokken\VirtualDirectory0\site\wwwroot'</message>
    </entry>
    <entry time="2013-07-03T18:57:10.276144Z" id="f4408147-f915-44bf-8fa0-8c934ff1f31b" type="0">
      <message>Copying file: 'IISNode.yml'</message>
    </entry>
    <entry time="2013-07-03T18:57:10.4797891Z" id="618534be-fa41-4555-890e-a81de25c78e9" type="0">
      <message>Node.js versions available on the platform are: 0.6.17, 0.6.20, 0.8.19, 0.8.2.</message>
    </entry>
    <entry time="2013-07-03T18:57:10.4954169Z" id="decb7eeb-ae7f-463b-85d0-6e3ebb0d55ba" type="0">
      <message>Selected node.js version 0.8.19. Use package.json file to choose a different version.</message>
    </entry>
    <entry time="2013-07-03T18:57:11.354733Z" id="8f5f4e1a-108b-4eab-8103-79d5084d7c3e" type="0">
      <message>Finished successfully.</message>
    </entry>
  </entry>
  <entry time="2013-07-03T18:57:11.8703107Z" id="099fada6-c4aa-42b6-89b8-43b2e634c89e" type="0">
    <message>Deployment successful.</message>
  </entry>
</entries>