﻿<?xml version="1.0" encoding="utf-8"?>
<entries>
  <entry time="2013-07-02T12:32:29.9296949Z" id="5e78a82f-ba70-4381-8a29-66a54a3e22d7" type="0">
    <message>Updating branch 'master'.</message>
  </entry>
  <entry time="2013-07-02T12:32:30.992079Z" id="798a74aa-15b7-4e72-898b-1576dc529527" type="0">
    <message>Updating submodules.</message>
  </entry>
  <entry time="2013-07-02T12:32:31.0389386Z" id="38e73af7-2a6b-4e62-9d74-bfbfdc4158e9" type="0">
    <message>Preparing deployment for commit id '5155204f96'.</message>
  </entry>
  <entry time="2013-07-02T12:32:31.4295577Z" id="c089ff11-6062-4669-98aa-1ce8b8c542b4" type="0">
    <message>Generating deployment script.</message>
    <entry time="2013-07-02T12:32:31.4607744Z" id="1078a4eb-49f3-48c2-b27e-e5e9b77e2d65" type="0">
      <message>Using the following command to generate deployment script: 'azure site deploymentscript -y --no-dot-deployment -r "C:\DWASFiles\Sites\kjokken\VirtualDirectory0\site\repository" -o "C:\DWASFiles\Sites\kjokken\VirtualDirectory0\site\deployments\tools" --node --sitePath "C:\DWASFiles\Sites\kjokken\VirtualDirectory0\site\repository"'.</message>
    </entry>
    <entry time="2013-07-02T12:32:37.1632465Z" id="e4351baa-b9b2-4716-b990-90c3909eaaf7" type="0">
      <message>info:    Executing command site deploymentscript</message>
    </entry>
    <entry time="2013-07-02T12:32:37.1632465Z" id="0c2f1ec6-f0cd-4ec6-a9e4-be7c0af0cad2" type="0">
      <message>info:    Generating deployment script for node.js Web Site</message>
    </entry>
    <entry time="2013-07-02T12:32:37.1788688Z" id="c515f63d-8f22-41d4-827d-a03d0bc17b47" type="0">
      <message>info:    Creating default iisnode.yml file</message>
    </entry>
    <entry time="2013-07-02T12:32:37.3038541Z" id="e4255cc7-710d-4a92-9821-41a06fa2a82b" type="0">
      <message>info:    Generated deployment script files</message>
    </entry>
    <entry time="2013-07-02T12:32:37.3194767Z" id="3b1b8236-0e11-4491-a228-69b3cb2dea66" type="0">
      <message>info:    site deploymentscript command OK</message>
    </entry>
  </entry>
  <entry time="2013-07-02T12:32:37.6788032Z" id="4968cadf-dff2-47a2-899a-29995baffd28" type="1">
    <message>Running deployment command...</message>
    <entry time="2013-07-02T12:32:37.6944207Z" id="aa2fa435-b32c-44e2-a8bc-a9f1ca991b0f" type="0">
      <message>Command: C:\DWASFiles\Sites\kjokken\VirtualDirectory0\site\deployments\tools\deploy.cmd</message>
    </entry>
    <entry time="2013-07-02T12:32:38.0694565Z" id="25c458d9-37be-41f9-9687-ea5e8ac0d1dd" type="0">
      <message>Handling node.js deployment.</message>
    </entry>
    <entry time="2013-07-02T12:32:38.381845Z" id="98486b43-e277-463d-ba26-dc35350be789" type="0">
      <message>KuduSync.NET from: 'C:\DWASFiles\Sites\kjokken\VirtualDirectory0\site\repository' to: 'C:\DWASFiles\Sites\kjokken\VirtualDirectory0\site\wwwroot'</message>
    </entry>
    <entry time="2013-07-02T12:32:38.381845Z" id="518d3188-1a2f-4e1b-af1e-a31eeb2e9d14" type="0">
      <message>Deleting file: 'hostingstart.html'</message>
    </entry>
    <entry time="2013-07-02T12:32:38.3974667Z" id="c0cef97a-088c-4f2a-8474-22846f2a005e" type="0">
      <message>Copying file: '.gitignore'</message>
    </entry>
    <entry time="2013-07-02T12:32:38.4130906Z" id="f2665d20-f9d9-4f37-91b0-853180101bc9" type="0">
      <message>Copying file: 'iisnode.yml'</message>
    </entry>
    <entry time="2013-07-02T12:32:38.4130906Z" id="b42a9c06-9c26-481e-bf63-180d0325a4ec" type="0">
      <message>Copying file: 'make.bat'</message>
    </entry>
    <entry time="2013-07-02T12:32:38.4287134Z" id="9b1bcec5-c821-47ba-ad2c-1986a51e72f6" type="0">
      <message>Copying file: 'makefile'</message>
    </entry>
    <entry time="2013-07-02T12:32:38.4287134Z" id="488ac43d-3521-490e-879e-cdb79a9d6e8f" type="0">
      <message>Copying file: 'mimosa-config.coffee'</message>
    </entry>
    <entry time="2013-07-02T12:32:38.4443352Z" id="fa0831c7-7ee5-46b4-97b6-c63368f2c979" type="0">
      <message>Copying file: 'package.json'</message>
    </entry>
    <entry time="2013-07-02T12:32:38.4599589Z" id="2b70011c-6bee-478d-a0c1-b72287f4938c" type="0">
      <message>Copying file: 'README.md'</message>
    </entry>
    <entry time="2013-07-02T12:32:38.4755823Z" id="5b832b50-ce36-4557-aacf-e7b373983b1c" type="0">
      <message>Copying file: 'server.js'</message>
    </entry>
    <entry time="2013-07-02T12:32:38.4755823Z" id="8e43ce27-5a8f-47da-8ca7-c2e739a61093" type="0">
      <message>Copying file: 'web.config'</message>
    </entry>
    <entry time="2013-07-02T12:32:38.491206Z" id="2c6249cd-6643-4509-8fc4-9f274d6d7845" type="0">
      <message>Copying file: 'assets\App\main.js'</message>
    </entry>
    <entry time="2013-07-02T12:32:38.491206Z" id="57993c6c-26cf-4143-a265-85a625759dc6" type="0">
      <message>Copying file: 'assets\App\durandal\app.js'</message>
    </entry>
    <entry time="2013-07-02T12:32:38.5068306Z" id="105a773f-6d8d-4d23-ab13-0c327183264f" type="0">
      <message>Copying file: 'assets\App\durandal\composition.js'</message>
    </entry>
    <entry time="2013-07-02T12:32:38.5224515Z" id="41cc05f1-bdd8-4666-a8ee-31dadcb989db" type="0">
      <message>Copying file: 'assets\App\durandal\events.js'</message>
    </entry>
    <entry time="2013-07-02T12:32:38.5224515Z" id="8585ec81-6ddf-488f-a36e-488441177b2b" type="0">
      <message>Copying file: 'assets\App\durandal\http.js'</message>
    </entry>
    <entry time="2013-07-02T12:32:38.5382001Z" id="b67342aa-7160-4672-a84c-95988bf7ae97" type="0">
      <message>Copying file: 'assets\App\durandal\messageBox.html'</message>
    </entry>
    <entry time="2013-07-02T12:32:38.5382001Z" id="f31c41a5-90c0-4dc3-9041-464a207f019e" type="0">
      <message>Copying file: 'assets\App\durandal\messageBox.js'</message>
    </entry>
    <entry time="2013-07-02T12:32:38.663061Z" id="58be1d15-f8f4-467d-98e3-00c935c5b6a3" type="0">
      <message>Copying file: 'assets\App\durandal\modalDialog.js'</message>
    </entry>
    <entry time="2013-07-02T12:32:38.6786833Z" id="df6e6e5c-2f71-4e48-9dc8-8cf42f702fc7" type="0">
      <message>Copying file: 'assets\App\durandal\system.js'</message>
    </entry>
    <entry time="2013-07-02T12:32:38.6786833Z" id="081d4237-6d53-4ffa-bf9a-26a80154b70d" type="0">
      <message>Copying file: 'assets\App\durandal\viewEngine.js'</message>
    </entry>
    <entry time="2013-07-02T12:32:38.756801Z" id="646c34cf-f15c-4310-9a4b-bab8aeab1351" type="0">
      <message>Copying file: 'assets\App\durandal\viewLocator.js'</message>
    </entry>
    <entry time="2013-07-02T12:32:38.756801Z" id="9cefeb2d-76b6-49c4-9218-e2e92e473ccf" type="0">
      <message>Copying file: 'assets\App\durandal\viewModel.js'</message>
    </entry>
    <entry time="2013-07-02T12:32:38.7724224Z" id="6422d673-4fcd-4f6b-b296-e422ffc63ced" type="0">
      <message>Copying file: 'assets\App\durandal\viewModelBinder.js'</message>
    </entry>
    <entry time="2013-07-02T12:32:38.7880468Z" id="df3005e7-b6fd-4a27-b869-d3c4959bd2d2" type="0">
      <message>Copying file: 'assets\App\durandal\widget.js'</message>
    </entry>
    <entry time="2013-07-02T12:32:38.7880468Z" id="cf259674-6c07-45ae-b31f-59ba52ba41f6" type="0">
      <message>Copying file: 'assets\App\durandal\amd\almond-custom.js'</message>
    </entry>
    <entry time="2013-07-02T12:32:38.8036701Z" id="991ea7e3-1686-45d1-9ed8-18f5386ad480" type="0">
      <message>Copying file: 'assets\App\durandal\amd\require.js'</message>
    </entry>
    <entry time="2013-07-02T12:32:38.8193198Z" id="cf66ea7e-f8e5-4b7a-87ee-99e33d3df13b" type="0">
      <message>Copying file: 'assets\App\durandal\amd\text.js'</message>
    </entry>
    <entry time="2013-07-02T12:32:38.8193198Z" id="6f6a6129-ba32-464e-a014-2b7f1739415a" type="0">
      <message>Copying file: 'assets\App\durandal\plugins\router.js'</message>
    </entry>
    <entry time="2013-07-02T12:32:38.83505Z" id="281ecee2-fece-4e75-abf1-02abca2d9bd0" type="0">
      <message>Copying file: 'assets\App\durandal\transitions\entrance.js'</message>
    </entry>
    <entry time="2013-07-02T12:32:38.8505483Z" id="ec96fd02-2e07-4189-928e-b918ca8c974c" type="0">
      <message>Copying file: 'assets\App\viewmodels\flickr.js'</message>
    </entry>
    <entry time="2013-07-02T12:32:38.8505483Z" id="d349ea61-daf4-493d-8c75-434a3fa8fc5d" type="0">
      <message>Copying file: 'assets\App\viewmodels\shell.js'</message>
    </entry>
    <entry time="2013-07-02T12:32:38.8661627Z" id="1c42a303-3a17-405d-a472-3ba95d0106f8" type="0">
      <message>Copying file: 'assets\App\viewmodels\welcome.js'</message>
    </entry>
    <entry time="2013-07-02T12:32:38.8817855Z" id="70c81924-f80a-4f7f-ac32-6d0488fb238a" type="0">
      <message>Copying file: 'assets\App\views\detail.html'</message>
    </entry>
    <entry time="2013-07-02T12:32:38.8974191Z" id="44ca9f75-2478-4f1a-8967-1da92cd67e24" type="0">
      <message>Copying file: 'assets\App\views\flickr.html'</message>
    </entry>
    <entry time="2013-07-02T12:32:38.8974191Z" id="5b6b0917-bdb7-47aa-ad6d-120230b9e92a" type="0">
      <message>Copying file: 'assets\App\views\shell.html'</message>
    </entry>
    <entry time="2013-07-02T12:32:38.9130328Z" id="41c11292-e432-4648-a894-38dc613c5731" type="0">
      <message>Copying file: 'assets\App\views\welcome.html'</message>
    </entry>
    <entry time="2013-07-02T12:32:38.9286647Z" id="bb9db812-221a-4c27-948b-ac67207a82c8" type="0">
      <message>Copying file: 'assets\Content\app.css'</message>
    </entry>
    <entry time="2013-07-02T12:32:38.9442795Z" id="737443b3-eb05-43bc-aaf0-11be511ca45c" type="0">
      <message>Copying file: 'assets\Content\bootstrap-responsive.css'</message>
    </entry>
    <entry time="2013-07-02T12:32:38.9599024Z" id="54dad8e0-59c5-47d7-ac2f-8bf6b29f7a2c" type="0">
      <message>Copying file: 'assets\Content\bootstrap.css'</message>
    </entry>
    <entry time="2013-07-02T12:32:38.9599024Z" id="f83138f5-481d-48ed-b2ef-effbd5878732" type="0">
      <message>Copying file: 'assets\Content\durandal.css'</message>
    </entry>
    <entry time="2013-07-02T12:32:38.9755248Z" id="8c4de8b1-9c68-475f-b3f9-fb916d331870" type="0">
      <message>Copying file: 'assets\Content\font-awesome.css'</message>
    </entry>
    <entry time="2013-07-02T12:32:38.9911583Z" id="98f044dc-d074-4401-bab9-96e59be0977e" type="0">
      <message>Copying file: 'assets\Content\ie10mobile.css'</message>
    </entry>
    <entry time="2013-07-02T12:32:39.0067703Z" id="2754ca31-2242-4fef-98db-460082e7a733" type="0">
      <message>Copying file: 'assets\Content\font\fontawesome-webfont.eot'</message>
    </entry>
    <entry time="2013-07-02T12:32:39.0067703Z" id="8e603e9e-8549-47c9-bbbd-41fff4798354" type="0">
      <message>Copying file: 'assets\Content\font\fontawesome-webfont.svg'</message>
    </entry>
    <entry time="2013-07-02T12:32:39.0225052Z" id="57dfa145-2e58-4740-b5d5-75527254e712" type="0">
      <message>Copying file: 'assets\Content\font\fontawesome-webfont.ttf'</message>
    </entry>
    <entry time="2013-07-02T12:32:39.0380191Z" id="0a997e4e-d0be-4ec5-8adb-8ec434483017" type="0">
      <message>Copying file: 'assets\Content\font\fontawesome-webfont.woff'</message>
    </entry>
    <entry time="2013-07-02T12:32:39.0536414Z" id="177fd8b4-60bf-44dd-9509-284bca0be054" type="0">
      <message>Copying file: 'assets\Content\font\FontAwesome.otf'</message>
    </entry>
    <entry time="2013-07-02T12:32:39.0692639Z" id="8a2b8c4e-5fe6-477b-a0ce-a532c045407f" type="0">
      <message>Copying file: 'assets\Content\images\glyphicons-halflings-white.png'</message>
    </entry>
    <entry time="2013-07-02T12:32:39.0848879Z" id="bf067239-4c63-472a-9269-ae72ceb88d07" type="0">
      <message>Copying file: 'assets\Content\images\glyphicons-halflings.png'</message>
    </entry>
    <entry time="2013-07-02T12:32:39.1005196Z" id="7a121cfe-9efb-47b6-96e7-cb30272e1d33" type="0">
      <message>Omitting next output lines...</message>
    </entry>
    <entry time="2013-07-02T12:32:39.1005196Z" id="fdd0d201-a9a3-44b2-85e4-49195989aa41" type="0">
      <message>The package.json file does not specify node.js engine version constraints.</message>
    </entry>
    <entry time="2013-07-02T12:32:39.1161334Z" id="ee8baa63-d673-4a8c-b4a8-1f033311c5c0" type="0">
      <message>The node.js application will run with the default node.js version 0.6.20.</message>
    </entry>
    <entry time="2013-07-02T12:32:39.8348038Z" id="a893b84f-4126-41f9-9301-aaa4e5f8392a" type="1">
      <message>npm http GET https://registry.npmjs.org/express/3.2.4</message>
    </entry>
    <entry time="2013-07-02T12:32:39.8504254Z" id="190e1fd3-da2e-426a-8475-1c29c2b75434" type="1">
      <message>npm http GET https://registry.npmjs.org/consolidate/0.9.1</message>
    </entry>
    <entry time="2013-07-02T12:32:39.8660565Z" id="83fc4644-bacb-4f80-85bd-7aa1c6662a24" type="1">
      <message>npm http GET https://registry.npmjs.org/ejs/0.8.4</message>
    </entry>
    <entry time="2013-07-02T12:32:40.8190743Z" id="ee4dae31-2dc9-40cb-a64e-3155d098f3c2" type="1">
      <message>npm http 200 https://registry.npmjs.org/express/3.2.4</message>
    </entry>
    <entry time="2013-07-02T12:32:40.834695Z" id="10011d45-2770-4fc3-925a-8da11e97be01" type="1">
      <message>npm http GET https://registry.npmjs.org/express/-/express-3.2.4.tgz</message>
    </entry>
    <entry time="2013-07-02T12:32:40.8503094Z" id="73047c75-0f8e-4d0d-8d8f-d29ac7c73211" type="1">
      <message>npm http 200 https://registry.npmjs.org/ejs/0.8.4</message>
    </entry>
    <entry time="2013-07-02T12:32:40.865933Z" id="e04275d2-5e5c-4b51-bc75-d31fd47895ad" type="1">
      <message>npm http GET https://registry.npmjs.org/ejs/-/ejs-0.8.4.tgz</message>
    </entry>
    <entry time="2013-07-02T12:32:40.8971818Z" id="bcd37b51-5aec-43fc-b7c1-069da038a339" type="1">
      <message>npm http 200 https://registry.npmjs.org/consolidate/0.9.1</message>
    </entry>
    <entry time="2013-07-02T12:32:40.9128035Z" id="5a3fc74f-0417-4dda-a7b5-257c5a306f4a" type="1">
      <message>npm http GET https://registry.npmjs.org/consolidate/-/consolidate-0.9.1.tgz</message>
    </entry>
    <entry time="2013-07-02T12:32:41.6939627Z" id="33513e9e-0980-43ea-8ed8-9dab423c8edd" type="1">
      <message>npm http 200 https://registry.npmjs.org/express/-/express-3.2.4.tgz</message>
    </entry>
    <entry time="2013-07-02T12:32:41.7252067Z" id="b9f49edc-4212-43c0-a672-a317096e4155" type="1">
      <message>npm http 200 https://registry.npmjs.org/ejs/-/ejs-0.8.4.tgz</message>
    </entry>
    <entry time="2013-07-02T12:32:41.7720805Z" id="c44ba8c2-7082-4522-81bc-f2db9bff4553" type="1">
      <message>npm http 200 https://registry.npmjs.org/consolidate/-/consolidate-0.9.1.tgz</message>
    </entry>
    <entry time="2013-07-02T12:32:43.0844262Z" id="70c3893e-ef92-47fd-a3e2-1404c941272e" type="1">
      <message>npm http GET https://registry.npmjs.org/commander/0.6.1</message>
    </entry>
    <entry time="2013-07-02T12:32:43.0844262Z" id="82d0efa1-f0c9-4895-ba8d-0f1193eac83c" type="1">
      <message>npm http GET https://registry.npmjs.org/range-parser/0.0.4</message>
    </entry>
    <entry time="2013-07-02T12:32:43.1000515Z" id="cba6818d-c19b-46b1-83a9-4d4a895039c8" type="1">
      <message>npm http GET https://registry.npmjs.org/mkdirp/0.3.4</message>
    </entry>
    <entry time="2013-07-02T12:32:43.115673Z" id="fa4f80f5-4230-44f1-a450-c3af71291a66" type="1">
      <message>npm http GET https://registry.npmjs.org/buffer-crc32/0.2.1</message>
    </entry>
    <entry time="2013-07-02T12:32:43.1312975Z" id="d8399743-6be7-402c-b4b2-67605a42eda5" type="1">
      <message>npm http GET https://registry.npmjs.org/methods/0.0.1</message>
    </entry>
    <entry time="2013-07-02T12:32:43.1312975Z" id="21937e31-8e0c-402b-930a-36a63a3c5a65" type="1">
      <message>npm http GET https://registry.npmjs.org/fresh/0.1.0</message>
    </entry>
    <entry time="2013-07-02T12:32:43.1469189Z" id="e69bfd7e-e7fe-44ed-9331-b81d086208d4" type="1">
      <message>npm http GET https://registry.npmjs.org/cookie/0.0.5</message>
    </entry>
    <entry time="2013-07-02T12:32:43.1625438Z" id="eca88b33-5891-4025-a421-308037f4ad05" type="1">
      <message>npm http GET https://registry.npmjs.org/cookie-signature/1.0.1</message>
    </entry>
    <entry time="2013-07-02T12:32:43.1781663Z" id="b5c48f70-c7ce-49a0-a920-adbe7e6c147d" type="1">
      <message>npm http GET https://registry.npmjs.org/send/0.1.0</message>
    </entry>
    <entry time="2013-07-02T12:32:43.1781663Z" id="8c7a7d36-05f0-40f5-b08c-a0c83176b4d8" type="1">
      <message>npm http GET https://registry.npmjs.org/debug</message>
    </entry>
    <entry time="2013-07-02T12:32:43.1937908Z" id="fa98f42d-8eca-480f-ad35-33ccc9feed67" type="1">
      <message>npm http GET https://registry.npmjs.org/connect/2.7.9</message>
    </entry>
    <entry time="2013-07-02T12:32:43.9124744Z" id="b71a8db1-bb0e-4b8c-a361-a1a02f126267" type="1">
      <message>npm http 200 https://registry.npmjs.org/mkdirp/0.3.4</message>
    </entry>
    <entry time="2013-07-02T12:32:43.9280825Z" id="389ec025-86e4-4ec1-8908-c7602f49670f" type="1">
      <message>npm http GET https://registry.npmjs.org/mkdirp/-/mkdirp-0.3.4.tgz</message>
    </entry>
    <entry time="2013-07-02T12:32:43.9437107Z" id="34dc5caa-087e-4ab6-a1cc-a6721b1fa917" type="1">
      <message>npm http 200 https://registry.npmjs.org/range-parser/0.0.4</message>
    </entry>
    <entry time="2013-07-02T12:32:43.9593505Z" id="3e72c85e-7c2a-4163-9759-1ef23a397f8d" type="1">
      <message>npm http GET https://registry.npmjs.org/range-parser/-/range-parser-0.0.4.tgz</message>
    </entry>
    <entry time="2013-07-02T12:32:44.0061967Z" id="87b95ed5-49ff-4b83-a3ae-edf0711d11c7" type="1">
      <message>npm http 200 https://registry.npmjs.org/methods/0.0.1</message>
    </entry>
    <entry time="2013-07-02T12:32:44.0843101Z" id="91acec01-0e49-4caa-ae15-a3eda8d7560d" type="1">
      <message>npm http GET https://registry.npmjs.org/methods/-/methods-0.0.1.tgz</message>
    </entry>
    <entry time="2013-07-02T12:32:44.0999353Z" id="f2d5db10-a84d-45f1-b834-b822653ea576" type="1">
      <message>npm http 200 https://registry.npmjs.org/fresh/0.1.0</message>
    </entry>
    <entry time="2013-07-02T12:32:44.1155686Z" id="c86c1f0d-1989-4330-82fb-df35560f3e05" type="1">
      <message>npm http GET https://registry.npmjs.org/fresh/-/fresh-0.1.0.tgz</message>
    </entry>
    <entry time="2013-07-02T12:32:44.1311807Z" id="651d9edb-7a7a-48d5-a417-ecb671930e2e" type="1">
      <message>npm http 200 https://registry.npmjs.org/buffer-crc32/0.2.1</message>
    </entry>
    <entry time="2013-07-02T12:32:44.1468133Z" id="10dfaf01-4f93-40c4-b7a7-422e57ce9ef7" type="1">
      <message>npm http GET https://registry.npmjs.org/buffer-crc32/-/buffer-crc32-0.2.1.tgz</message>
    </entry>
    <entry time="2013-07-02T12:32:44.1780595Z" id="87effaa8-c821-40f5-b4a9-8be4ae9a46bd" type="1">
      <message>npm http 200 https://registry.npmjs.org/cookie/0.0.5</message>
    </entry>
    <entry time="2013-07-02T12:32:44.1936744Z" id="caf82d84-369a-4a30-82b6-8ac0b96f1ff1" type="1">
      <message>npm http 200 https://registry.npmjs.org/commander/0.6.1</message>
    </entry>
    <entry time="2013-07-02T12:32:44.2092956Z" id="6c1165fe-3070-4a2e-b40f-2b41b048137b" type="1">
      <message>npm http GET https://registry.npmjs.org/cookie/-/cookie-0.0.5.tgz</message>
    </entry>
    <entry time="2013-07-02T12:32:44.2249281Z" id="fc6e4231-d31c-4424-bdd2-2a6e0fc79cf4" type="1">
      <message>npm http GET https://registry.npmjs.org/commander/-/commander-0.6.1.tgz</message>
    </entry>
    <entry time="2013-07-02T12:32:44.2561672Z" id="6e723046-b3b3-4a56-98f5-92f21e00fbc5" type="1">
      <message>npm http 200 https://registry.npmjs.org/cookie-signature/1.0.1</message>
    </entry>
    <entry time="2013-07-02T12:32:44.2717927Z" id="e5c55e61-1551-455d-a8fb-eb2b96f4e6cb" type="1">
      <message>npm http GET https://registry.npmjs.org/cookie-signature/-/cookie-signature-1.0.1.tgz</message>
    </entry>
    <entry time="2013-07-02T12:32:44.2874122Z" id="11a7df1b-4788-48a3-8052-fd9cb1ad5307" type="1">
      <message>npm http 200 https://registry.npmjs.org/send/0.1.0</message>
    </entry>
    <entry time="2013-07-02T12:32:44.3030345Z" id="f0fc86f5-d628-4735-9aed-1c57d61e48f3" type="1">
      <message>npm http GET https://registry.npmjs.org/send/-/send-0.1.0.tgz</message>
    </entry>
    <entry time="2013-07-02T12:32:44.3186579Z" id="5e7a7ac5-b30b-44b0-bbcd-cff1fab9030b" type="1">
      <message>npm http 200 https://registry.npmjs.org/mkdirp/-/mkdirp-0.3.4.tgz</message>
    </entry>
    <entry time="2013-07-02T12:32:44.3655386Z" id="1c067b64-33fe-433e-a3cd-3a89f284898a" type="1">
      <message>npm http 200 https://registry.npmjs.org/debug</message>
    </entry>
    <entry time="2013-07-02T12:32:44.3967884Z" id="ce5c574b-51d6-4415-89e6-bd6dce702684" type="1">
      <message>npm http 200 https://registry.npmjs.org/range-parser/-/range-parser-0.0.4.tgz</message>
    </entry>
    <entry time="2013-07-02T12:32:44.4124002Z" id="9a2397dd-0db5-4860-a2b2-9095c678cf62" type="1">
      <message>npm http 200 https://registry.npmjs.org/methods/-/methods-0.0.1.tgz</message>
    </entry>
    <entry time="2013-07-02T12:32:44.4592695Z" id="27a5e5ea-13a4-4110-aefe-eba27df2f8e5" type="1">
      <message>npm http GET https://registry.npmjs.org/debug/-/debug-0.7.2.tgz</message>
    </entry>
    <entry time="2013-07-02T12:32:44.474892Z" id="cfbe93d7-8dfb-4db8-bcc2-1f6c306fd008" type="1">
      <message>npm WARN package.json methods@0.0.1 No README.md file found!</message>
    </entry>
    <entry time="2013-07-02T12:32:44.474892Z" id="d357c84c-f977-4748-97d2-f3668fb46432" type="1">
      <message>npm http 200 https://registry.npmjs.org/connect/2.7.9</message>
    </entry>
    <entry time="2013-07-02T12:32:44.4905141Z" id="4e204040-4913-4685-8b97-3c6f44287fd4" type="1">
      <message>npm http GET https://registry.npmjs.org/connect/-/connect-2.7.9.tgz</message>
    </entry>
    <entry time="2013-07-02T12:32:44.5061395Z" id="561ec1ef-8897-415a-8bd5-cf4d19645642" type="1">
      <message>npm http 200 https://registry.npmjs.org/fresh/-/fresh-0.1.0.tgz</message>
    </entry>
    <entry time="2013-07-02T12:32:44.521763Z" id="9c8a9d44-46b2-460f-bf9c-cbba55c149b8" type="1">
      <message>npm http 200 https://registry.npmjs.org/buffer-crc32/-/buffer-crc32-0.2.1.tgz</message>
    </entry>
    <entry time="2013-07-02T12:32:44.5373854Z" id="0bd810a8-df68-4b5d-8829-67497cf96ab0" type="1">
      <message>npm http 200 https://registry.npmjs.org/cookie/-/cookie-0.0.5.tgz</message>
    </entry>
    <entry time="2013-07-02T12:32:44.5530075Z" id="d4b60aec-0f19-4a08-bcb8-24c1ab8b74c0" type="1">
      <message>npm http 200 https://registry.npmjs.org/commander/-/commander-0.6.1.tgz</message>
    </entry>
    <entry time="2013-07-02T12:32:44.6779957Z" id="08a24a9e-2032-4597-ba6e-49023224dd8f" type="1">
      <message>npm http 200 https://registry.npmjs.org/cookie-signature/-/cookie-signature-1.0.1.tgz</message>
    </entry>
    <entry time="2013-07-02T12:32:44.7717425Z" id="cfdec9d5-2f3b-4fb5-b2d0-4b79382a35ad" type="1">
      <message>npm http 200 https://registry.npmjs.org/send/-/send-0.1.0.tgz</message>
    </entry>
    <entry time="2013-07-02T12:32:44.8342262Z" id="9c98cde9-c2c4-426f-9131-9677592f0e0f" type="1">
      <message>npm http 200 https://registry.npmjs.org/debug/-/debug-0.7.2.tgz</message>
    </entry>
    <entry time="2013-07-02T12:32:44.8498499Z" id="e60ba4ae-4dcb-4b38-974d-2f54481c68eb" type="1">
      <message>npm http 200 https://registry.npmjs.org/connect/-/connect-2.7.9.tgz</message>
    </entry>
    <entry time="2013-07-02T12:32:46.1778213Z" id="ed4be353-93e9-44c9-b5b9-a1e624dbc534" type="1">
      <message>npm WARN engine connect@2.7.9: wanted: {"node":"&gt;= 0.8.0"} (current: {"node":"0.6.20","npm":"1.1.37"})</message>
    </entry>
    <entry time="2013-07-02T12:32:46.5996498Z" id="0bbd16dd-1bfb-4772-bca4-9b68371953ca" type="1">
      <message>npm http GET https://registry.npmjs.org/mime/1.2.6</message>
    </entry>
    <entry time="2013-07-02T12:32:47.583911Z" id="dc49da5a-09dd-491f-918a-bbfab03164cd" type="1">
      <message>npm http 200 https://registry.npmjs.org/mime/1.2.6</message>
    </entry>
    <entry time="2013-07-02T12:32:47.6151561Z" id="51357e52-3b97-4260-a514-49aac9629bfa" type="1">
      <message>npm http GET https://registry.npmjs.org/mime/-/mime-1.2.6.tgz</message>
    </entry>
    <entry time="2013-07-02T12:32:48.4588068Z" id="b6264235-c3c4-441e-a944-fa5a59048835" type="1">
      <message>npm http 200 https://registry.npmjs.org/mime/-/mime-1.2.6.tgz</message>
    </entry>
    <entry time="2013-07-02T12:32:48.4900582Z" id="d73c36ed-e61a-425b-bfa7-6db06682bc65" type="1">
      <message>npm http GET https://registry.npmjs.org/qs/0.6.4</message>
    </entry>
    <entry time="2013-07-02T12:32:48.5056883Z" id="9f5011d6-b5dd-4cda-bcfe-b56940432189" type="1">
      <message>npm http GET https://registry.npmjs.org/formidable/1.0.13</message>
    </entry>
    <entry time="2013-07-02T12:32:48.521314Z" id="4d72121d-69bc-48b7-b7ed-87feebd97a69" type="1">
      <message>npm http GET https://registry.npmjs.org/pause/0.0.1</message>
    </entry>
    <entry time="2013-07-02T12:32:48.5369304Z" id="3c844ee6-5d0c-491d-ab12-9e69dda327d8" type="1">
      <message>npm http GET https://registry.npmjs.org/bytes/0.2.0</message>
    </entry>
    <entry time="2013-07-02T12:32:49.4118338Z" id="68b33666-4f77-47a2-be31-5fe21668a111" type="1">
      <message>npm http 200 https://registry.npmjs.org/pause/0.0.1</message>
    </entry>
    <entry time="2013-07-02T12:32:49.4587099Z" id="c11347a2-b967-48f1-8c21-7cf8212c524c" type="1">
      <message>npm http GET https://registry.npmjs.org/pause/-/pause-0.0.1.tgz</message>
    </entry>
    <entry time="2013-07-02T12:32:49.4743263Z" id="21eb013a-98ac-453f-8325-bd2f0bb466af" type="1">
      <message>npm http 200 https://registry.npmjs.org/qs/0.6.4</message>
    </entry>
    <entry time="2013-07-02T12:32:49.5055627Z" id="ea7aafce-2471-4ea7-8b19-61e52235b5c6" type="1">
      <message>npm http GET https://registry.npmjs.org/qs/-/qs-0.6.4.tgz</message>
    </entry>
    <entry time="2013-07-02T12:32:49.5993217Z" id="898c8f0b-7608-4e6c-9a76-e1dc8f6e4ef0" type="1">
      <message>npm http 200 https://registry.npmjs.org/formidable/1.0.13</message>
    </entry>
    <entry time="2013-07-02T12:32:49.6149364Z" id="3d67e2de-bf40-4781-b09b-c8e9179a30ca" type="1">
      <message>npm http GET https://registry.npmjs.org/formidable/-/formidable-1.0.13.tgz</message>
    </entry>
    <entry time="2013-07-02T12:32:49.6305503Z" id="bbfdfcc5-191d-4903-9a20-7cd21f8d5cc6" type="1">
      <message>npm http 200 https://registry.npmjs.org/bytes/0.2.0</message>
    </entry>
    <entry time="2013-07-02T12:32:49.646204Z" id="2c7bc595-576d-4ee8-af0d-f2a4d5e36c9e" type="1">
      <message>npm http GET https://registry.npmjs.org/bytes/-/bytes-0.2.0.tgz</message>
    </entry>
    <entry time="2013-07-02T12:32:50.2554787Z" id="f5925fb3-e2f3-45c8-aff6-c13072e228f7" type="1">
      <message>npm http 200 https://registry.npmjs.org/pause/-/pause-0.0.1.tgz</message>
    </entry>
    <entry time="2013-07-02T12:32:50.3492157Z" id="59c467da-1bd7-43a9-9f81-f690cbfa6f54" type="1">
      <message>npm http 200 https://registry.npmjs.org/qs/-/qs-0.6.4.tgz</message>
    </entry>
    <entry time="2013-07-02T12:32:50.3960858Z" id="4c1a1811-cb5b-4a17-bb22-8358ce236275" type="1">
      <message>npm http 200 https://registry.npmjs.org/formidable/-/formidable-1.0.13.tgz</message>
    </entry>
    <entry time="2013-07-02T12:32:50.4898259Z" id="6178b5ef-d273-438a-8498-e4a68f5c9c2b" type="1">
      <message>npm http 200 https://registry.npmjs.org/bytes/-/bytes-0.2.0.tgz</message>
    </entry>
    <entry time="2013-07-02T12:32:51.9896533Z" id="b8f23de5-ded4-46cd-b385-924bf3565875" type="0">
      <message>consolidate@0.9.1 node_modules\consolidate</message>
    </entry>
    <entry time="2013-07-02T12:32:52.020899Z" id="831cdfb2-18d9-4fa5-a68a-3e6dcbf2fc11" type="0">
      <message></message>
    </entry>
    <entry time="2013-07-02T12:32:52.0521457Z" id="13a76d8b-5b64-4951-93c9-eb8d55eb7cfa" type="0">
      <message>ejs@0.8.4 node_modules\ejs</message>
    </entry>
    <entry time="2013-07-02T12:32:52.067768Z" id="78731b4a-a944-43bf-b9cf-e3c9d3b5f1f0" type="0">
      <message></message>
    </entry>
    <entry time="2013-07-02T12:32:52.0833902Z" id="e7757b7e-5ea1-42ab-a2ae-bdd94f7b70be" type="0">
      <message>express@3.2.4 node_modules\express</message>
    </entry>
    <entry time="2013-07-02T12:32:52.0991143Z" id="dc5f46a7-5a92-442c-9297-6e1b8a9c62bb" type="0">
      <message>├── methods@0.0.1</message>
    </entry>
    <entry time="2013-07-02T12:32:52.0991143Z" id="b45a9732-e873-4ae3-a856-0aeb4e0b7242" type="0">
      <message>├── fresh@0.1.0</message>
    </entry>
    <entry time="2013-07-02T12:32:52.1146371Z" id="e5444bf1-df75-484a-b783-3e4b7c994ca9" type="0">
      <message>├── range-parser@0.0.4</message>
    </entry>
    <entry time="2013-07-02T12:32:52.130259Z" id="958ec4a3-9a34-493b-b49b-cdad10a712fe" type="0">
      <message>├── cookie-signature@1.0.1</message>
    </entry>
    <entry time="2013-07-02T12:32:52.1458833Z" id="661f6bf2-1127-4c1d-9b7d-b156a8582ccd" type="0">
      <message>├── buffer-crc32@0.2.1</message>
    </entry>
    <entry time="2013-07-02T12:32:52.1615054Z" id="6ffd9c03-a3ee-49fd-a3f9-ccdaf6c6295b" type="0">
      <message>├── cookie@0.0.5</message>
    </entry>
    <entry time="2013-07-02T12:32:52.1771298Z" id="8d6a6cfe-682e-4db9-b410-d8f1a86f716b" type="0">
      <message>├── commander@0.6.1</message>
    </entry>
    <entry time="2013-07-02T12:32:52.1927517Z" id="2efebb4e-e066-49e1-acf9-076c40432286" type="0">
      <message>├── debug@0.7.2</message>
    </entry>
    <entry time="2013-07-02T12:32:52.1927517Z" id="18832f4e-cbbf-4fc1-8104-0f42c920f4d8" type="0">
      <message>├── mkdirp@0.3.4</message>
    </entry>
    <entry time="2013-07-02T12:32:52.2083747Z" id="d06e4122-49d1-4e4e-a3cc-c8c4a273e145" type="0">
      <message>├── send@0.1.0 (mime@1.2.6)</message>
    </entry>
    <entry time="2013-07-02T12:32:52.2239982Z" id="e6ac4ae0-4108-43c2-a1d5-193443068246" type="0">
      <message>└── connect@2.7.9 (qs@0.6.4, pause@0.0.1, bytes@0.2.0, formidable@1.0.13)</message>
    </entry>
    <entry time="2013-07-02T12:32:52.3489891Z" id="17050376-f1a8-4873-bdc5-88a693198150" type="0">
      <message>Finished successfully.</message>
    </entry>
  </entry>
  <entry time="2013-07-02T12:32:52.7239411Z" id="f9634be9-a986-4740-a529-5faad913bb6e" type="0">
    <message>Deployment successful.</message>
  </entry>
</entries>