﻿<?xml version="1.0" encoding="utf-8"?>
<deployment>
  <id>74bb1f657fb7945665fc79df3544ede2a04302e8</id>
  <author>Lars Erik Finholt</author>
  <deployer>leflef1</deployer>
  <authorEmail>lars.erik.finholt@gmail.com</authorEmail>
  <message>    asd
</message>
  <progress></progress>
  <status>Success</status>
  <statusText></statusText>
  <lastSuccessEndTime>2013-07-03T17:55:08.1552946Z</lastSuccessEndTime>
  <receivedTime>2013-07-03T17:55:02.1750704Z</receivedTime>
  <startTime>2013-07-03T17:55:03.3781568Z</startTime>
  <endTime>2013-07-03T17:55:08.1552946Z</endTime>
  <complete>True</complete>
  <is_temp>False</is_temp>
</deployment>