﻿<?xml version="1.0" encoding="utf-8"?>
<entries>
  <entry time="2013-07-02T12:48:58.0987701Z" id="f202e81f-86a6-49ad-b043-2bc7229c983f" type="0">
    <message>Updating branch 'master'.</message>
  </entry>
  <entry time="2013-07-02T12:48:59.1767808Z" id="b5d33888-a993-4a3f-83f6-dc05d0c07288" type="0">
    <message>Updating submodules.</message>
  </entry>
  <entry time="2013-07-02T12:48:59.2392623Z" id="76bde71c-0773-46b4-abf3-5cf75ecc54bd" type="0">
    <message>Preparing deployment for commit id 'e7d3ae7314'.</message>
  </entry>
  <entry time="2013-07-02T12:48:59.8016992Z" id="51385df1-ebe8-400e-8c5c-af3453649bc0" type="0">
    <message>Generating deployment script.</message>
    <entry time="2013-07-02T12:48:59.8173221Z" id="0b96eacc-1aec-4cc6-a36e-fd3da4116a3f" type="0">
      <message>Using cached version of deployment script (command: 'azure site deploymentscript -y --no-dot-deployment -r "C:\DWASFiles\Sites\kjokken\VirtualDirectory0\site\repository" -o "C:\DWASFiles\Sites\kjokken\VirtualDirectory0\site\deployments\tools" --node --sitePath "C:\DWASFiles\Sites\kjokken\VirtualDirectory0\site\repository\dist"').</message>
    </entry>
  </entry>
  <entry time="2013-07-02T12:48:59.8485692Z" id="3b2a67e6-3040-4e16-87ff-d97d159308d8" type="1">
    <message>Running deployment command...</message>
    <entry time="2013-07-02T12:48:59.8641911Z" id="71d46733-34b6-415c-aca8-0ac3b6a192b2" type="0">
      <message>Command: C:\DWASFiles\Sites\kjokken\VirtualDirectory0\site\deployments\tools\deploy.cmd</message>
    </entry>
    <entry time="2013-07-02T12:49:00.2235267Z" id="932b8868-d8b2-4fb8-a0f8-556261dad6f3" type="0">
      <message>Handling node.js deployment.</message>
    </entry>
    <entry time="2013-07-02T12:49:00.7859602Z" id="4ffe32ee-eaa5-4bb2-9cb3-44c1b353e86a" type="0">
      <message>KuduSync.NET from: 'C:\DWASFiles\Sites\kjokken\VirtualDirectory0\site\repository\dist' to: 'C:\DWASFiles\Sites\kjokken\VirtualDirectory0\site\wwwroot'</message>
    </entry>
    <entry time="2013-07-02T12:49:00.8015828Z" id="e5f46100-c4ca-4160-9c06-6576c7b5266f" type="0">
      <message>Copying file: 'web.config'</message>
    </entry>
    <entry time="2013-07-02T12:49:00.9109826Z" id="544a26ca-359b-4002-af26-41cc3980ac96" type="0">
      <message>The package.json file does not specify node.js engine version constraints.</message>
    </entry>
    <entry time="2013-07-02T12:49:00.9266014Z" id="39235d77-5c2b-4cca-baf3-2a34db2b5c59" type="0">
      <message>The node.js application will run with the default node.js version 0.6.20.</message>
    </entry>
    <entry time="2013-07-02T12:49:01.6296159Z" id="0536f3a0-84af-43c2-baa6-77d6a8d1c867" type="1">
      <message>npm WARN package.json APPNAME@0.0.1 No README.md file found!</message>
    </entry>
    <entry time="2013-07-02T12:49:01.6764824Z" id="02ae22fe-ef58-4d2d-ab3e-eb01303dd7a0" type="0">
      <message>Finished successfully.</message>
    </entry>
  </entry>
  <entry time="2013-07-02T12:49:01.9889473Z" id="c1a6585f-1163-4d9c-b8d9-57b203055260" type="0">
    <message>Deployment successful.</message>
  </entry>
</entries>