﻿<?xml version="1.0" encoding="utf-8"?>
<deployment>
  <id>5155204f96a78ae464992ce2980d8dc1fe1484cf</id>
  <author>Lars Erik Finholt</author>
  <deployer>leflef1</deployer>
  <authorEmail>lars.erik.finholt@gmail.com</authorEmail>
  <message>    first working with express
</message>
  <progress></progress>
  <status>Success</status>
  <statusText></statusText>
  <lastSuccessEndTime>2013-07-02T12:32:52.7552003Z</lastSuccessEndTime>
  <receivedTime>2013-07-02T12:32:29.8359528Z</receivedTime>
  <startTime>2013-07-02T12:32:31.0545613Z</startTime>
  <endTime>2013-07-02T12:32:52.7552003Z</endTime>
  <complete>True</complete>
  <is_temp>False</is_temp>
</deployment>