﻿<?xml version="1.0" encoding="utf-8"?>
<entries>
  <entry time="2013-07-03T17:00:48.9609596Z" id="2ffd3902-efdd-45c7-bd6f-d365f79445dc" type="0">
    <message>Updating branch 'master'.</message>
  </entry>
  <entry time="2013-07-03T17:00:50.0264951Z" id="0b7e2c73-4f24-4bb2-8be5-23d9c80c0c86" type="0">
    <message>Updating submodules.</message>
  </entry>
  <entry time="2013-07-03T17:00:50.0733738Z" id="51427bce-e4a9-490e-ba99-5d91ce6b728e" type="0">
    <message>Preparing deployment for commit id '89e48e122a'.</message>
  </entry>
  <entry time="2013-07-03T17:00:50.6357991Z" id="df2bbd07-d552-4c3b-bf46-6a829a1be18e" type="0">
    <message>Generating deployment script.</message>
    <entry time="2013-07-03T17:00:50.6514322Z" id="be2202f7-91d2-44ef-a486-e8400578a81b" type="0">
      <message>Using cached version of deployment script (command: 'azure site deploymentscript -y --no-dot-deployment -r "C:\DWASFiles\Sites\kjokken\VirtualDirectory0\site\repository" -o "C:\DWASFiles\Sites\kjokken\VirtualDirectory0\site\deployments\tools" --node --sitePath "C:\DWASFiles\Sites\kjokken\VirtualDirectory0\site\repository\dist"').</message>
    </entry>
  </entry>
  <entry time="2013-07-03T17:00:50.6826782Z" id="ee654061-8767-462b-9e55-1f3c4156ef50" type="1">
    <message>Running deployment command...</message>
    <entry time="2013-07-03T17:00:50.6982904Z" id="51a836d6-9ae5-48ea-8e6b-4f607acbc35e" type="0">
      <message>Command: C:\DWASFiles\Sites\kjokken\VirtualDirectory0\site\deployments\tools\deploy.cmd</message>
    </entry>
    <entry time="2013-07-03T17:00:51.0732506Z" id="6b10e1d3-add1-4a4d-ba0b-33642622a49a" type="0">
      <message>Handling node.js deployment.</message>
    </entry>
    <entry time="2013-07-03T17:00:52.0418956Z" id="e3aaddc0-a1f3-4c82-a155-8566a4994c0c" type="0">
      <message>KuduSync.NET from: 'C:\DWASFiles\Sites\kjokken\VirtualDirectory0\site\repository\dist' to: 'C:\DWASFiles\Sites\kjokken\VirtualDirectory0\site\wwwroot'</message>
    </entry>
    <entry time="2013-07-03T17:00:52.0418956Z" id="25be7b93-f124-41d1-872a-3694afe50fed" type="0">
      <message>Copying file: 'IISNode.yml'</message>
    </entry>
    <entry time="2013-07-03T17:00:52.05751Z" id="beb37158-6266-444e-b20f-227cedb65f10" type="0">
      <message>Copying file: 'web.config'</message>
    </entry>
    <entry time="2013-07-03T17:00:52.1668746Z" id="9e587b82-52bf-4fc9-86ef-28079c937c34" type="0">
      <message>The package.json file does not specify node.js engine version constraints.</message>
    </entry>
    <entry time="2013-07-03T17:00:52.1824968Z" id="b3bf9590-a865-4b20-81ff-07028ea4f502" type="0">
      <message>The node.js application will run with the default node.js version 0.6.20.</message>
    </entry>
    <entry time="2013-07-03T17:00:52.8386734Z" id="8930c536-6026-4c81-ad0d-fc473daa1008" type="1">
      <message>npm WARN package.json APPNAME@0.0.1 No README.md file found!</message>
    </entry>
    <entry time="2013-07-03T17:00:52.9011659Z" id="103b9f6f-7a9c-4b26-b0f2-5dd180175b63" type="0">
      <message>Finished successfully.</message>
    </entry>
  </entry>
  <entry time="2013-07-03T17:00:53.3386137Z" id="38f74bd0-cffe-40a7-aff4-a88aedf4e52b" type="0">
    <message>Deployment successful.</message>
  </entry>
</entries>