﻿<?xml version="1.0" encoding="utf-8"?>
<entries>
  <entry time="2013-07-02T12:41:55.6069309Z" id="6e5a3796-8c60-46e3-b78a-a91f4d703f50" type="0">
    <message>Updating branch 'master'.</message>
  </entry>
  <entry time="2013-07-02T12:41:59.3096256Z" id="1f1f5afe-d674-44b1-952d-1a2dd9ed1a3c" type="0">
    <message>Updating submodules.</message>
  </entry>
  <entry time="2013-07-02T12:41:59.3721167Z" id="e05ec321-a1e4-45e4-95b8-72192e0eda1d" type="0">
    <message>Preparing deployment for commit id '6e74d694bb'.</message>
  </entry>
  <entry time="2013-07-02T12:41:59.9658051Z" id="424ccc63-a67f-408c-b4fb-ea2a7d18f7b7" type="0">
    <message>Generating deployment script.</message>
    <entry time="2013-07-02T12:41:59.9814255Z" id="e747ab2b-1fcf-444d-b00e-2e3a5d392723" type="0">
      <message>Using the following command to generate deployment script: 'azure site deploymentscript -y --no-dot-deployment -r "C:\DWASFiles\Sites\kjokken\VirtualDirectory0\site\repository" -o "C:\DWASFiles\Sites\kjokken\VirtualDirectory0\site\deployments\tools" --node --sitePath "C:\DWASFiles\Sites\kjokken\VirtualDirectory0\site\repository\dist"'.</message>
    </entry>
    <entry time="2013-07-02T12:42:01.5281605Z" id="1105e6bf-6009-4ef7-8c5b-a464bb9fefb2" type="0">
      <message>info:    Executing command site deploymentscript</message>
    </entry>
    <entry time="2013-07-02T12:42:01.5437444Z" id="af9a33b0-1a88-48d0-b064-b57ee1d0abdf" type="0">
      <message>info:    The site directory path: .\dist</message>
    </entry>
    <entry time="2013-07-02T12:42:01.5437444Z" id="8d45697c-6949-40dc-b395-4425f30dcb8a" type="0">
      <message>info:    Generating deployment script for node.js Web Site</message>
    </entry>
    <entry time="2013-07-02T12:42:01.5593664Z" id="be66acc9-1681-43fb-89df-629eec97e855" type="0">
      <message>info:    Generated deployment script files</message>
    </entry>
    <entry time="2013-07-02T12:42:01.5749906Z" id="faf1bf4e-7711-4924-a22c-0ba0c8c53d03" type="0">
      <message>info:    site deploymentscript command OK</message>
    </entry>
  </entry>
  <entry time="2013-07-02T12:42:02.0905601Z" id="286a2807-3ad1-4f1b-b7cb-a9b6203bd1b6" type="1">
    <message>Running deployment command...</message>
    <entry time="2013-07-02T12:42:02.1061735Z" id="e77ca955-acd7-4c80-980c-8717405780dd" type="0">
      <message>Command: C:\DWASFiles\Sites\kjokken\VirtualDirectory0\site\deployments\tools\deploy.cmd</message>
    </entry>
    <entry time="2013-07-02T12:42:02.4498941Z" id="7bc79778-5ca4-4305-99d7-7a552b8aeb76" type="0">
      <message>Handling node.js deployment.</message>
    </entry>
    <entry time="2013-07-02T12:42:02.7623814Z" id="515e7eec-1ff7-456b-8a97-4b98e39c3451" type="0">
      <message>KuduSync.NET from: 'C:\DWASFiles\Sites\kjokken\VirtualDirectory0\site\repository\dist' to: 'C:\DWASFiles\Sites\kjokken\VirtualDirectory0\site\wwwroot'</message>
    </entry>
    <entry time="2013-07-02T12:42:02.7779821Z" id="06e0b02c-ead6-4655-aa0f-8893d832b1c5" type="0">
      <message>Deleting file: '.gitignore'</message>
    </entry>
    <entry time="2013-07-02T12:42:02.7935947Z" id="681056a8-3725-4ba9-8927-c2bb9371a77f" type="0">
      <message>Deleting file: 'iisnode.yml'</message>
    </entry>
    <entry time="2013-07-02T12:42:02.8092185Z" id="fbb8f519-c0bf-4867-9f79-ed5369077f06" type="0">
      <message>Deleting file: 'mimosa-config.coffee'</message>
    </entry>
    <entry time="2013-07-02T12:42:02.8092185Z" id="881f4ae7-029c-4892-9254-c71b942ddb51" type="0">
      <message>Deleting file: 'README.md'</message>
    </entry>
    <entry time="2013-07-02T12:42:02.8248395Z" id="d6841218-2451-4f9b-a5fa-38064b006d96" type="0">
      <message>Copying file: 'app.js'</message>
    </entry>
    <entry time="2013-07-02T12:42:02.8560875Z" id="84e10cd7-26dd-4445-8211-decc89f47920" type="0">
      <message>Copying file: 'config.js'</message>
    </entry>
    <entry time="2013-07-02T12:42:02.8560875Z" id="a0b4d539-8f57-4833-915c-2de348275eac" type="0">
      <message>Copying file: 'make.bat'</message>
    </entry>
    <entry time="2013-07-02T12:42:02.8717191Z" id="99565fe6-8175-4f23-a628-b1049bf98b32" type="0">
      <message>Copying file: 'makefile'</message>
    </entry>
    <entry time="2013-07-02T12:42:02.8717191Z" id="2cb1ed38-b9ac-41eb-91e7-a4dd12293c89" type="0">
      <message>Copying file: 'package.json'</message>
    </entry>
    <entry time="2013-07-02T12:42:02.8873333Z" id="29125f0c-93b5-48e7-935c-f187b85c1166" type="0">
      <message>Copying file: 'server.js'</message>
    </entry>
    <entry time="2013-07-02T12:42:02.9029668Z" id="43aba200-b994-47f2-9a2e-291560e194b8" type="0">
      <message>Copying file: 'web.config'</message>
    </entry>
    <entry time="2013-07-02T12:42:02.9029668Z" id="3a5e523c-e0eb-492a-9b5a-063cea38c975" type="0">
      <message>Deleting file: 'assets\App\main.js'</message>
    </entry>
    <entry time="2013-07-02T12:42:02.91858Z" id="56bbb2bb-b331-44dc-ab7c-ebe9f39a1917" type="0">
      <message>Deleting file: 'assets\App\durandal\app.js'</message>
    </entry>
    <entry time="2013-07-02T12:42:02.9342026Z" id="dbfdaf3d-1ca0-420b-b30e-be1db8f71d45" type="0">
      <message>Deleting file: 'assets\App\durandal\composition.js'</message>
    </entry>
    <entry time="2013-07-02T12:42:02.9342026Z" id="9dc59cdc-a89c-45b5-9d4a-5bb78bd084c3" type="0">
      <message>Deleting file: 'assets\App\durandal\events.js'</message>
    </entry>
    <entry time="2013-07-02T12:42:02.9498257Z" id="8213102b-22c5-4eca-99c8-f8ca82758fd4" type="0">
      <message>Deleting file: 'assets\App\durandal\http.js'</message>
    </entry>
    <entry time="2013-07-02T12:42:02.9654495Z" id="64b55f3a-2971-4937-9acc-be7ebb23969a" type="0">
      <message>Deleting file: 'assets\App\durandal\messageBox.html'</message>
    </entry>
    <entry time="2013-07-02T12:42:02.9654495Z" id="250cdbb5-6303-47af-a8a8-ccf4fef7914f" type="0">
      <message>Deleting file: 'assets\App\durandal\messageBox.js'</message>
    </entry>
    <entry time="2013-07-02T12:42:02.9967062Z" id="5db85620-2f57-4cd0-bd8a-9911358e1c31" type="0">
      <message>Deleting file: 'assets\App\durandal\modalDialog.js'</message>
    </entry>
    <entry time="2013-07-02T12:42:02.9967062Z" id="b9534692-35da-4b42-ae56-d372a0b1d32f" type="0">
      <message>Deleting file: 'assets\App\durandal\system.js'</message>
    </entry>
    <entry time="2013-07-02T12:42:03.0123193Z" id="2f2a5c9d-1072-4b6f-9446-bcb1469ff3c0" type="0">
      <message>Deleting file: 'assets\App\durandal\viewEngine.js'</message>
    </entry>
    <entry time="2013-07-02T12:42:03.0279423Z" id="be1d7da7-133d-47ff-a614-82162c4d1c6f" type="0">
      <message>Deleting file: 'assets\App\durandal\viewLocator.js'</message>
    </entry>
    <entry time="2013-07-02T12:42:03.0279423Z" id="94b30d8f-d931-4b05-8ade-8235684ee5cc" type="0">
      <message>Deleting file: 'assets\App\durandal\viewModel.js'</message>
    </entry>
    <entry time="2013-07-02T12:42:03.0435648Z" id="b2214da7-d7f7-4452-a55b-5243d941fde7" type="0">
      <message>Deleting file: 'assets\App\durandal\viewModelBinder.js'</message>
    </entry>
    <entry time="2013-07-02T12:42:03.0591984Z" id="fe45824a-5784-40b6-bf64-653ee51ab941" type="0">
      <message>Deleting file: 'assets\App\durandal\widget.js'</message>
    </entry>
    <entry time="2013-07-02T12:42:03.0748109Z" id="acd78815-36c3-43d0-a030-c3eba17e596e" type="0">
      <message>Deleting file: 'assets\App\durandal\amd\almond-custom.js'</message>
    </entry>
    <entry time="2013-07-02T12:42:03.0748109Z" id="46f49554-761a-4527-9128-3a07140f8653" type="0">
      <message>Deleting file: 'assets\App\durandal\amd\require.js'</message>
    </entry>
    <entry time="2013-07-02T12:42:03.0904351Z" id="dce82a16-9131-498d-9ed2-1f9088bf065a" type="0">
      <message>Deleting file: 'assets\App\durandal\amd\text.js'</message>
    </entry>
    <entry time="2013-07-02T12:42:03.1060585Z" id="ba1036d3-6640-4c60-b761-76cd51baa29f" type="0">
      <message>Deleting directory: 'assets\App\durandal\amd'</message>
    </entry>
    <entry time="2013-07-02T12:42:03.1216828Z" id="2e43e9a4-682e-4cd7-b95c-9a3356739b54" type="0">
      <message>Deleting file: 'assets\App\durandal\plugins\router.js'</message>
    </entry>
    <entry time="2013-07-02T12:42:03.1373055Z" id="f2fe9327-cceb-4408-a709-1ae206965e18" type="0">
      <message>Deleting directory: 'assets\App\durandal\plugins'</message>
    </entry>
    <entry time="2013-07-02T12:42:03.1529287Z" id="c7f15502-a215-46d2-b5a3-eb02ed576867" type="0">
      <message>Deleting file: 'assets\App\durandal\transitions\entrance.js'</message>
    </entry>
    <entry time="2013-07-02T12:42:03.1529287Z" id="382635dc-2c13-43d1-837a-64fdbc0571e9" type="0">
      <message>Deleting directory: 'assets\App\durandal\transitions'</message>
    </entry>
    <entry time="2013-07-02T12:42:03.1685523Z" id="22b3c45a-88ab-426b-98a3-5b2af3fa4132" type="0">
      <message>Deleting directory: 'assets\App\durandal'</message>
    </entry>
    <entry time="2013-07-02T12:42:03.1841739Z" id="869aee45-bde6-40fc-92ce-b020759c23fe" type="0">
      <message>Deleting file: 'assets\App\viewmodels\flickr.js'</message>
    </entry>
    <entry time="2013-07-02T12:42:03.1997972Z" id="3f06f7ad-29b8-4132-994f-88b551f1dee8" type="0">
      <message>Deleting file: 'assets\App\viewmodels\shell.js'</message>
    </entry>
    <entry time="2013-07-02T12:42:03.2154204Z" id="07b83cf8-555e-4626-b720-5a1014e61143" type="0">
      <message>Deleting file: 'assets\App\viewmodels\welcome.js'</message>
    </entry>
    <entry time="2013-07-02T12:42:03.2310516Z" id="6779ca44-f4f5-4c3b-8689-001cfd9f3884" type="0">
      <message>Deleting directory: 'assets\App\viewmodels'</message>
    </entry>
    <entry time="2013-07-02T12:42:03.2310516Z" id="c5c66cdd-3f68-4114-9da1-b73f81e6edde" type="0">
      <message>Deleting file: 'assets\App\views\detail.html'</message>
    </entry>
    <entry time="2013-07-02T12:42:03.2466677Z" id="53d56151-d67a-405d-a9da-cc55de13f1da" type="0">
      <message>Deleting file: 'assets\App\views\flickr.html'</message>
    </entry>
    <entry time="2013-07-02T12:42:03.2622907Z" id="56e77b42-e6ba-4076-aafc-1ac070f03971" type="0">
      <message>Deleting file: 'assets\App\views\shell.html'</message>
    </entry>
    <entry time="2013-07-02T12:42:03.277923Z" id="10129179-61e2-44fc-a8ea-bfac341b5229" type="0">
      <message>Deleting file: 'assets\App\views\welcome.html'</message>
    </entry>
    <entry time="2013-07-02T12:42:03.2935358Z" id="98b030b3-7959-4964-a952-e0f656b6b0e8" type="0">
      <message>Deleting directory: 'assets\App\views'</message>
    </entry>
    <entry time="2013-07-02T12:42:03.2935358Z" id="3c4feabe-21e3-41e7-ad86-da194f773a37" type="0">
      <message>Deleting directory: 'assets\App'</message>
    </entry>
    <entry time="2013-07-02T12:42:03.3091595Z" id="ce5b4e75-5d3c-4994-bd84-d4002ebca7e4" type="0">
      <message>Deleting file: 'assets\Content\app.css'</message>
    </entry>
    <entry time="2013-07-02T12:42:03.3247822Z" id="6f1cf7fb-025b-451e-af73-0b371a336dd3" type="0">
      <message>Deleting file: 'assets\Content\bootstrap-responsive.css'</message>
    </entry>
    <entry time="2013-07-02T12:42:03.3404067Z" id="56573a50-b3c8-45f4-8f03-7b630eabbeb8" type="0">
      <message>Deleting file: 'assets\Content\bootstrap.css'</message>
    </entry>
    <entry time="2013-07-02T12:42:03.3560297Z" id="1132713a-651c-45c7-b2cc-c1ef2e7ae408" type="0">
      <message>Deleting file: 'assets\Content\durandal.css'</message>
    </entry>
    <entry time="2013-07-02T12:42:03.3560297Z" id="d61eb09d-c2fb-46e0-a2e4-e2ea37ac2fb5" type="0">
      <message>Deleting file: 'assets\Content\font-awesome.css'</message>
    </entry>
    <entry time="2013-07-02T12:42:03.3716522Z" id="77495404-6a55-4d10-818c-ef109f15c918" type="0">
      <message>Omitting next output lines...</message>
    </entry>
    <entry time="2013-07-02T12:42:08.4179593Z" id="3f210514-f7d8-4ebf-8137-5c4fb2c85974" type="0">
      <message>The package.json file does not specify node.js engine version constraints.</message>
    </entry>
    <entry time="2013-07-02T12:42:08.4179593Z" id="5cf0e723-99bd-49a7-9e24-5e36ec473403" type="0">
      <message>The node.js application will run with the default node.js version 0.6.20.</message>
    </entry>
    <entry time="2013-07-02T12:42:09.120992Z" id="7bdcb5b4-e5ca-4a2d-8030-cfd5c88a186d" type="1">
      <message>npm WARN package.json APPNAME@0.0.1 No README.md file found!</message>
    </entry>
    <entry time="2013-07-02T12:42:09.2772346Z" id="40d52a57-6c09-46ae-aa91-eccc4585c841" type="0">
      <message>Finished successfully.</message>
    </entry>
  </entry>
  <entry time="2013-07-02T12:42:09.3865868Z" id="b3f62fd2-da32-46c7-a9c6-1633b631bb19" type="0">
    <message>Deployment successful.</message>
  </entry>
</entries>