﻿<?xml version="1.0" encoding="utf-8"?>
<entries>
  <entry time="2013-07-03T18:09:08.6262697Z" id="3a28daaa-35a0-412a-9662-5f407e6a7dc9" type="0">
    <message>Updating branch 'master'.</message>
  </entry>
  <entry time="2013-07-03T18:09:09.6758158Z" id="1919c6c5-02a2-4c71-93cb-4d007ad16ad2" type="0">
    <message>Updating submodules.</message>
  </entry>
  <entry time="2013-07-03T18:09:09.7226785Z" id="786caac9-089d-443e-b9d4-0a84a79b8692" type="0">
    <message>Preparing deployment for commit id '20e596d7c8'.</message>
  </entry>
  <entry time="2013-07-03T18:09:10.7117498Z" id="28db9222-b4be-4783-8f3c-4dc374072be7" type="0">
    <message>Generating deployment script.</message>
    <entry time="2013-07-03T18:09:10.7273974Z" id="e3721cec-785b-496f-8f48-a35a0210c06c" type="0">
      <message>Using cached version of deployment script (command: 'azure site deploymentscript -y --no-dot-deployment -r "C:\DWASFiles\Sites\kjokken\VirtualDirectory0\site\repository" -o "C:\DWASFiles\Sites\kjokken\VirtualDirectory0\site\deployments\tools" --node --sitePath "C:\DWASFiles\Sites\kjokken\VirtualDirectory0\site\repository\dist"').</message>
    </entry>
  </entry>
  <entry time="2013-07-03T18:09:10.7586476Z" id="0bcce6bd-05ac-4487-b408-e14acaf3ac18" type="0">
    <message>Running deployment command...</message>
    <entry time="2013-07-03T18:09:10.7749972Z" id="b620395e-445e-405a-8114-40e003a4fc2c" type="0">
      <message>Command: C:\DWASFiles\Sites\kjokken\VirtualDirectory0\site\deployments\tools\deploy.cmd</message>
    </entry>
    <entry time="2013-07-03T18:09:11.149795Z" id="611ac5eb-1e3c-4980-958a-e50ab5dfbe59" type="0">
      <message>Handling node.js deployment.</message>
    </entry>
    <entry time="2013-07-03T18:09:13.0603583Z" id="9ba606e8-9877-4f70-a6bb-5e22202abf37" type="0">
      <message>KuduSync.NET from: 'C:\DWASFiles\Sites\kjokken\VirtualDirectory0\site\repository\dist' to: 'C:\DWASFiles\Sites\kjokken\VirtualDirectory0\site\wwwroot'</message>
    </entry>
    <entry time="2013-07-03T18:09:13.0759843Z" id="3917e029-6085-4260-92d2-dfd07fd9c1f0" type="0">
      <message>Deleting file: 'web.config'</message>
    </entry>
    <entry time="2013-07-03T18:09:13.1853537Z" id="d673edbd-f714-4260-b829-bd64eccb757b" type="0">
      <message>Node.js versions available on the platform are: 0.6.17, 0.6.20, 0.8.19, 0.8.2.</message>
    </entry>
    <entry time="2013-07-03T18:09:13.2009775Z" id="de27ac60-dc51-4297-a21d-e19cd5b75bc8" type="0">
      <message>Selected node.js version 0.8.19. Use package.json file to choose a different version.</message>
    </entry>
    <entry time="2013-07-03T18:09:13.9978322Z" id="62821094-770a-481f-878f-a6c0c1c857a4" type="0">
      <message>Finished successfully.</message>
    </entry>
  </entry>
  <entry time="2013-07-03T18:09:14.4040584Z" id="2784bfe2-4289-4ad7-a7ad-27557504c816" type="0">
    <message>Deployment successful.</message>
  </entry>
</entries>