﻿<?xml version="1.0" encoding="utf-8"?>
<entries>
  <entry time="2013-07-03T18:11:24.4436784Z" id="c7e5db7b-9718-40a3-9f98-20bf7fe44780" type="0">
    <message>Updating branch 'master'.</message>
  </entry>
  <entry time="2013-07-03T18:11:25.5107701Z" id="70235f40-329b-45a8-b3de-ec6d8390df88" type="0">
    <message>Updating submodules.</message>
  </entry>
  <entry time="2013-07-03T18:11:25.557643Z" id="50155198-1123-44a7-a820-59857225273b" type="0">
    <message>Preparing deployment for commit id '6668ace50b'.</message>
  </entry>
  <entry time="2013-07-03T18:11:26.533968Z" id="e5ffbf13-bf47-46e2-897f-0939fe94a657" type="0">
    <message>Generating deployment script.</message>
    <entry time="2013-07-03T18:11:26.5495976Z" id="f5cbaa2d-2de8-4472-ba0b-f75b97d2da44" type="0">
      <message>Using cached version of deployment script (command: 'azure site deploymentscript -y --no-dot-deployment -r "C:\DWASFiles\Sites\kjokken\VirtualDirectory0\site\repository" -o "C:\DWASFiles\Sites\kjokken\VirtualDirectory0\site\deployments\tools" --node --sitePath "C:\DWASFiles\Sites\kjokken\VirtualDirectory0\site\repository\dist"').</message>
    </entry>
  </entry>
  <entry time="2013-07-03T18:11:26.5808518Z" id="3a3c4124-5907-4b1a-a3e1-7f33c8163c43" type="0">
    <message>Running deployment command...</message>
    <entry time="2013-07-03T18:11:26.5964671Z" id="dcd2c7d0-9271-4e16-a8fa-2a416b67a93a" type="0">
      <message>Command: C:\DWASFiles\Sites\kjokken\VirtualDirectory0\site\deployments\tools\deploy.cmd</message>
    </entry>
    <entry time="2013-07-03T18:11:26.9558264Z" id="f21db6a9-e5d4-4064-8d9f-79849c80ea94" type="0">
      <message>Handling node.js deployment.</message>
    </entry>
    <entry time="2013-07-03T18:11:28.9907828Z" id="b287ea3d-ac28-426a-8155-c678435adea2" type="0">
      <message>KuduSync.NET from: 'C:\DWASFiles\Sites\kjokken\VirtualDirectory0\site\repository\dist' to: 'C:\DWASFiles\Sites\kjokken\VirtualDirectory0\site\wwwroot'</message>
    </entry>
    <entry time="2013-07-03T18:11:29.0064038Z" id="cb0abc4f-b671-40b9-833e-2e9ed61d2187" type="0">
      <message>Deleting file: 'iisnode\index.html'</message>
    </entry>
    <entry time="2013-07-03T18:11:29.0064038Z" id="fd69882b-8f90-435d-a9d1-a32d43c9869a" type="0">
      <message>Deleting file: 'iisnode\LARSERIKWIN8-13072-stderr-1372686494869.txt'</message>
    </entry>
    <entry time="2013-07-03T18:11:29.0220296Z" id="d55ea605-5e00-434d-b84c-a1cd9c8e5a75" type="0">
      <message>Deleting file: 'iisnode\LARSERIKWIN8-9360-stderr-1372686494455.txt'</message>
    </entry>
    <entry time="2013-07-03T18:11:29.0376662Z" id="7204f88a-01c7-42ea-87a1-e64d382c1998" type="0">
      <message>Deleting directory: 'iisnode'</message>
    </entry>
    <entry time="2013-07-03T18:11:29.1470454Z" id="150d0ae4-94b1-48d6-9b84-894efb019d92" type="0">
      <message>Node.js versions available on the platform are: 0.6.17, 0.6.20, 0.8.19, 0.8.2.</message>
    </entry>
    <entry time="2013-07-03T18:11:29.1626535Z" id="7154957c-140e-4a37-8c55-8ed3545cc5f7" type="0">
      <message>Selected node.js version 0.8.19. Use package.json file to choose a different version.</message>
    </entry>
    <entry time="2013-07-03T18:11:29.9751216Z" id="b926d292-097d-4ce4-9089-c0cc500005c0" type="0">
      <message>Finished successfully.</message>
    </entry>
  </entry>
  <entry time="2013-07-03T18:11:30.2251005Z" id="9dd94192-a259-4216-b83e-1c4c3477b708" type="0">
    <message>Deployment successful.</message>
  </entry>
</entries>