﻿<?xml version="1.0" encoding="utf-8"?>
<deployment>
  <id>fb338b91e317c6f5772651828243ad1b4ad544f9</id>
  <author>Lars Erik Finholt</author>
  <deployer>leflef1</deployer>
  <authorEmail>lars.erik.finholt@gmail.com</authorEmail>
  <message>    qwe
</message>
  <progress></progress>
  <status>Success</status>
  <statusText></statusText>
  <lastSuccessEndTime>2013-07-03T17:50:42.3579527Z</lastSuccessEndTime>
  <receivedTime>2013-07-03T17:50:10.1506457Z</receivedTime>
  <startTime>2013-07-03T17:50:22.47999Z</startTime>
  <endTime>2013-07-03T17:50:42.3579527Z</endTime>
  <complete>True</complete>
  <is_temp>False</is_temp>
</deployment>