﻿<?xml version="1.0" encoding="utf-8"?>
<entries>
  <entry time="2013-07-03T19:48:24.9841881Z" id="9453343e-d8fd-4235-9c17-769557622010" type="0">
    <message>Updating branch 'master'.</message>
  </entry>
  <entry time="2013-07-03T19:48:26.5341085Z" id="626cdf30-47c3-4bcd-a1e1-32ab550e7376" type="0">
    <message>Updating submodules.</message>
  </entry>
  <entry time="2013-07-03T19:48:26.5818305Z" id="ec4d23ba-a6da-4c0e-a05c-4bde16733974" type="0">
    <message>Preparing deployment for commit id '62d9b89fa3'.</message>
  </entry>
  <entry time="2013-07-03T19:48:27.536157Z" id="66038b61-c8e7-4649-8422-1968d1e5e43b" type="0">
    <message>Generating deployment script.</message>
    <entry time="2013-07-03T19:48:27.5517829Z" id="7b423ff7-615d-4eb9-88e2-99bb58050333" type="0">
      <message>Using cached version of deployment script (command: 'azure site deploymentscript -y --no-dot-deployment -r "C:\DWASFiles\Sites\kjokken\VirtualDirectory0\site\repository" -o "C:\DWASFiles\Sites\kjokken\VirtualDirectory0\site\deployments\tools" --node --sitePath "C:\DWASFiles\Sites\kjokken\VirtualDirectory0\site\repository\dist"').</message>
    </entry>
  </entry>
  <entry time="2013-07-03T19:48:27.6025904Z" id="4b99aa52-28b9-4fe4-a3d5-79419b5c043c" type="0">
    <message>Running deployment command...</message>
    <entry time="2013-07-03T19:48:27.618224Z" id="4a3d89ee-ba18-4a98-88d3-e35b7c923edd" type="0">
      <message>Command: C:\DWASFiles\Sites\kjokken\VirtualDirectory0\site\deployments\tools\deploy.cmd</message>
    </entry>
    <entry time="2013-07-03T19:48:27.9931941Z" id="f3fcba56-8eae-401d-8622-c1c3df1289b2" type="0">
      <message>Handling node.js deployment.</message>
    </entry>
    <entry time="2013-07-03T19:48:29.7783335Z" id="2b1eabf4-bf05-48c3-87e9-f90b612d37e3" type="0">
      <message>KuduSync.NET from: 'C:\DWASFiles\Sites\kjokken\VirtualDirectory0\site\repository\dist' to: 'C:\DWASFiles\Sites\kjokken\VirtualDirectory0\site\wwwroot'</message>
    </entry>
    <entry time="2013-07-03T19:48:29.7939578Z" id="177cfe04-47ed-450e-8b17-ded77a9f3c8e" type="0">
      <message>Copying file: 'IISNode.yml'</message>
    </entry>
    <entry time="2013-07-03T19:48:29.9189473Z" id="3e6699fd-04cd-4907-b958-520b24d23194" type="0">
      <message>Node.js versions available on the platform are: 0.6.17, 0.6.20, 0.8.19, 0.8.2.</message>
    </entry>
    <entry time="2013-07-03T19:48:29.9345704Z" id="962f2f19-05ad-4471-8cdb-4882afdb1ccf" type="0">
      <message>Selected node.js version 0.8.19. Use package.json file to choose a different version.</message>
    </entry>
    <entry time="2013-07-03T19:48:30.7313891Z" id="6acd5a14-a641-4246-b152-4b9454e4e4b1" type="0">
      <message>Finished successfully.</message>
    </entry>
  </entry>
  <entry time="2013-07-03T19:48:31.5606896Z" id="2a3c0495-4c2c-43f1-8b31-05687dac791f" type="0">
    <message>Deployment successful.</message>
  </entry>
</entries>