﻿<?xml version="1.0" encoding="utf-8"?>
<deployment>
  <id>89e48e122aae1bea6203498d6ca1173d564bbf64</id>
  <author>Lars Erik Finholt</author>
  <deployer>leflef1</deployer>
  <authorEmail>lars.erik.finholt@gmail.com</authorEmail>
  <message>    devErrorsEnabled: true
</message>
  <progress></progress>
  <status>Success</status>
  <statusText></statusText>
  <lastSuccessEndTime>2013-07-03T17:00:53.3542362Z</lastSuccessEndTime>
  <receivedTime>2013-07-03T17:00:48.8984769Z</receivedTime>
  <startTime>2013-07-03T17:00:50.0889902Z</startTime>
  <endTime>2013-07-03T17:00:53.3542362Z</endTime>
  <complete>True</complete>
  <is_temp>False</is_temp>
</deployment>