﻿<?xml version="1.0" encoding="utf-8"?>
<entries>
  <entry time="2013-07-03T17:46:06.1432225Z" id="26c75f86-9c3e-4703-a20c-391ce96ad180" type="0">
    <message>Updating branch 'master'.</message>
  </entry>
  <entry time="2013-07-03T17:46:07.7258827Z" id="617185c3-7f0f-44df-93e6-0c24f4176453" type="0">
    <message>Updating submodules.</message>
  </entry>
  <entry time="2013-07-03T17:46:07.772759Z" id="e7aefb43-b1dc-44ee-8e46-e258dc3d4486" type="0">
    <message>Preparing deployment for commit id 'ccae7e35a2'.</message>
  </entry>
  <entry time="2013-07-03T17:46:08.2266463Z" id="88d8a791-7e2f-4fe7-8aa7-662f308442e3" type="0">
    <message>Generating deployment script.</message>
    <entry time="2013-07-03T17:46:08.2422709Z" id="92ff199d-e5fa-44f1-9ffa-9450b27da5aa" type="0">
      <message>Using cached version of deployment script (command: 'azure site deploymentscript -y --no-dot-deployment -r "C:\DWASFiles\Sites\kjokken\VirtualDirectory0\site\repository" -o "C:\DWASFiles\Sites\kjokken\VirtualDirectory0\site\deployments\tools" --node --sitePath "C:\DWASFiles\Sites\kjokken\VirtualDirectory0\site\repository\dist"').</message>
    </entry>
  </entry>
  <entry time="2013-07-03T17:46:08.2735196Z" id="64f9afee-03a7-465f-98f0-ba95d59034d6" type="1">
    <message>Running deployment command...</message>
    <entry time="2013-07-03T17:46:08.2901967Z" id="970611ea-5a2d-4ea4-a198-5d64168cb156" type="0">
      <message>Command: C:\DWASFiles\Sites\kjokken\VirtualDirectory0\site\deployments\tools\deploy.cmd</message>
    </entry>
    <entry time="2013-07-03T17:46:08.6495738Z" id="508a19fb-2799-4931-a633-7f19ba1f6592" type="0">
      <message>Handling node.js deployment.</message>
    </entry>
    <entry time="2013-07-03T17:46:09.2433218Z" id="f057b99e-13c3-47fa-a4b0-d98c43bd7f9d" type="0">
      <message>KuduSync.NET from: 'C:\DWASFiles\Sites\kjokken\VirtualDirectory0\site\repository\dist' to: 'C:\DWASFiles\Sites\kjokken\VirtualDirectory0\site\wwwroot'</message>
    </entry>
    <entry time="2013-07-03T17:46:09.258943Z" id="013e4bac-ebf9-49a5-97b9-032c631aec5a" type="0">
      <message>Copying file: 'web.config'</message>
    </entry>
    <entry time="2013-07-03T17:46:09.383936Z" id="fa859c37-113f-4e20-9521-4207cfcc79b0" type="0">
      <message>The package.json file does not specify node.js engine version constraints.</message>
    </entry>
    <entry time="2013-07-03T17:46:09.3995588Z" id="e73db2a6-e8d6-449a-8ad8-83ceeb824484" type="0">
      <message>The node.js application will run with the default node.js version 0.6.20.</message>
    </entry>
    <entry time="2013-07-03T17:46:10.0558073Z" id="dd0f48b8-1ad9-47f7-80f7-f5859de26696" type="1">
      <message>npm WARN package.json APPNAME@0.0.1 No README.md file found!</message>
    </entry>
    <entry time="2013-07-03T17:46:10.118296Z" id="612a9c55-8a0a-414c-afa8-8b9f7bf2d863" type="0">
      <message>Finished successfully.</message>
    </entry>
  </entry>
  <entry time="2013-07-03T17:46:10.4151643Z" id="91bdcdb9-b5b7-4293-a6b7-c192d4e794bf" type="0">
    <message>Deployment successful.</message>
  </entry>
</entries>