﻿<?xml version="1.0" encoding="utf-8"?>
<deployment>
  <id>42e941f4f7d0e80ece344e01f466a3fd574381a3</id>
  <author>Lars Erik Finholt</author>
  <deployer>leflef1</deployer>
  <authorEmail>lars.erik.finholt@gmail.com</authorEmail>
  <message>    removed from dist
</message>
  <progress></progress>
  <status>Success</status>
  <statusText></statusText>
  <lastSuccessEndTime>2013-07-02T13:06:48.9300971Z</lastSuccessEndTime>
  <receivedTime>2013-07-02T13:06:44.8835633Z</receivedTime>
  <startTime>2013-07-02T13:06:46.1646654Z</startTime>
  <endTime>2013-07-02T13:06:48.9300971Z</endTime>
  <complete>True</complete>
  <is_temp>False</is_temp>
</deployment>