﻿<?xml version="1.0" encoding="utf-8"?>
<entries>
  <entry time="2013-07-02T12:53:21.3960543Z" id="3635b5ae-778c-423b-a22c-91777f6c956f" type="0">
    <message>Updating branch 'master'.</message>
  </entry>
  <entry time="2013-07-02T12:53:22.4584278Z" id="fd533843-6a44-4f7b-a8c1-36c551da81a1" type="0">
    <message>Updating submodules.</message>
  </entry>
  <entry time="2013-07-02T12:53:22.520916Z" id="6ad9c56d-6992-475c-8e66-a95994ac61bb" type="0">
    <message>Preparing deployment for commit id '740961c326'.</message>
  </entry>
  <entry time="2013-07-02T12:53:23.1146023Z" id="30c907f1-e29d-404a-a183-776a0f4a0ecc" type="0">
    <message>Generating deployment script.</message>
    <entry time="2013-07-02T12:53:23.1458405Z" id="dcc551ae-0a6f-4601-bd5b-6c38e00436e7" type="0">
      <message>Using cached version of deployment script (command: 'azure site deploymentscript -y --no-dot-deployment -r "C:\DWASFiles\Sites\kjokken\VirtualDirectory0\site\repository" -o "C:\DWASFiles\Sites\kjokken\VirtualDirectory0\site\deployments\tools" --node --sitePath "C:\DWASFiles\Sites\kjokken\VirtualDirectory0\site\repository\dist"').</message>
    </entry>
  </entry>
  <entry time="2013-07-02T12:53:23.1770857Z" id="d17e2dfe-5007-4857-8015-d1de6a239651" type="1">
    <message>Running deployment command...</message>
    <entry time="2013-07-02T12:53:23.1770857Z" id="7ea67a6c-ccd7-4b66-a3bb-3dd069b2f22a" type="0">
      <message>Command: C:\DWASFiles\Sites\kjokken\VirtualDirectory0\site\deployments\tools\deploy.cmd</message>
    </entry>
    <entry time="2013-07-02T12:53:23.567702Z" id="d86afbcc-5a69-49c0-8cfe-482f0f928287" type="0">
      <message>Handling node.js deployment.</message>
    </entry>
    <entry time="2013-07-02T12:53:24.2082171Z" id="6d73acde-af63-4036-a7c2-5608e3961d61" type="0">
      <message>KuduSync.NET from: 'C:\DWASFiles\Sites\kjokken\VirtualDirectory0\site\repository\dist' to: 'C:\DWASFiles\Sites\kjokken\VirtualDirectory0\site\wwwroot'</message>
    </entry>
    <entry time="2013-07-02T12:53:24.2082171Z" id="0e21029f-1944-4109-8695-7ce96233ce85" type="0">
      <message>Copying file: 'web.config'</message>
    </entry>
    <entry time="2013-07-02T12:53:24.3332026Z" id="1d3d9fd0-f211-4db8-a77b-d80819423ca2" type="0">
      <message>The package.json file does not specify node.js engine version constraints.</message>
    </entry>
    <entry time="2013-07-02T12:53:24.3332026Z" id="fb2c2f70-4788-42bb-bd96-7504c1fd32e9" type="0">
      <message>The node.js application will run with the default node.js version 0.6.20.</message>
    </entry>
    <entry time="2013-07-02T12:53:25.0362555Z" id="ed1a047d-014c-407f-9187-3543838f3850" type="1">
      <message>npm WARN package.json APPNAME@0.0.1 No README.md file found!</message>
    </entry>
    <entry time="2013-07-02T12:53:25.083115Z" id="2fa450e8-ef63-45ca-ab30-4af110739a33" type="0">
      <message>Finished successfully.</message>
    </entry>
  </entry>
  <entry time="2013-07-02T12:53:25.3174637Z" id="5a0d04ed-f991-459f-8935-28af91accd4d" type="0">
    <message>Deployment successful.</message>
  </entry>
</entries>