﻿<?xml version="1.0" encoding="utf-8"?>
<entries>
  <entry time="2013-07-03T18:13:25.290028Z" id="0d493f4d-d300-4f91-93fb-5f05e4ea137e" type="0">
    <message>Updating branch 'master'.</message>
  </entry>
  <entry time="2013-07-03T18:13:26.3580112Z" id="c4f82004-5c26-46a0-8c1d-4095ecdb28e8" type="0">
    <message>Updating submodules.</message>
  </entry>
  <entry time="2013-07-03T18:13:26.4361323Z" id="17ea13f6-76e2-408b-acc9-d8ff53f397fb" type="0">
    <message>Preparing deployment for commit id '763a141a1f'.</message>
  </entry>
  <entry time="2013-07-03T18:13:27.5008884Z" id="bb576b9d-7e82-42ec-a6c0-1ef9fb819366" type="0">
    <message>Generating deployment script.</message>
    <entry time="2013-07-03T18:13:27.5079049Z" id="45b53221-12d5-4fe7-95cb-dc9c821982f8" type="0">
      <message>Using cached version of deployment script (command: 'azure site deploymentscript -y --no-dot-deployment -r "C:\DWASFiles\Sites\kjokken\VirtualDirectory0\site\repository" -o "C:\DWASFiles\Sites\kjokken\VirtualDirectory0\site\deployments\tools" --node --sitePath "C:\DWASFiles\Sites\kjokken\VirtualDirectory0\site\repository\dist"').</message>
    </entry>
  </entry>
  <entry time="2013-07-03T18:13:27.5391612Z" id="1da564f9-1eee-438b-a19d-62e28cebb2ee" type="0">
    <message>Running deployment command...</message>
    <entry time="2013-07-03T18:13:27.5569276Z" id="688fcdc1-f7d8-4859-92c9-b20ca31e1bca" type="0">
      <message>Command: C:\DWASFiles\Sites\kjokken\VirtualDirectory0\site\deployments\tools\deploy.cmd</message>
    </entry>
    <entry time="2013-07-03T18:13:27.9319197Z" id="bef91e60-873e-4654-8d28-0b75a4b4ebbd" type="0">
      <message>Handling node.js deployment.</message>
    </entry>
    <entry time="2013-07-03T18:13:30.8514488Z" id="02e74459-a00c-49a9-ae7e-846bb961e8ba" type="0">
      <message>KuduSync.NET from: 'C:\DWASFiles\Sites\kjokken\VirtualDirectory0\site\repository\dist' to: 'C:\DWASFiles\Sites\kjokken\VirtualDirectory0\site\wwwroot'</message>
    </entry>
    <entry time="2013-07-03T18:13:30.9920688Z" id="cf61ffbc-5dae-4435-b4b5-41b4fc36ef49" type="0">
      <message>Node.js versions available on the platform are: 0.6.17, 0.6.20, 0.8.19, 0.8.2.</message>
    </entry>
    <entry time="2013-07-03T18:13:31.0076924Z" id="2fce5b54-d14c-46fb-af71-5ae3693c2398" type="0">
      <message>Selected node.js version 0.8.19. Use package.json file to choose a different version.</message>
    </entry>
    <entry time="2013-07-03T18:13:31.8217612Z" id="45a7c502-84ff-4b9c-847b-f95ad9b080e6" type="0">
      <message>Finished successfully.</message>
    </entry>
  </entry>
  <entry time="2013-07-03T18:13:32.1811201Z" id="ac32403e-cede-4ae2-84d8-0b9a9784aed5" type="0">
    <message>Deployment successful.</message>
  </entry>
</entries>