﻿<?xml version="1.0" encoding="utf-8"?>
<deployment>
  <id>6668ace50bdd2e3af647959bebc05211811a3683</id>
  <author>Lars Erik Finholt</author>
  <deployer>leflef1</deployer>
  <authorEmail>lars.erik.finholt@gmail.com</authorEmail>
  <message>    iu
</message>
  <progress></progress>
  <status>Success</status>
  <statusText></statusText>
  <lastSuccessEndTime>2013-07-03T18:11:30.2407333Z</lastSuccessEndTime>
  <receivedTime>2013-07-03T18:11:24.230113Z</receivedTime>
  <startTime>2013-07-03T18:11:25.5732772Z</startTime>
  <endTime>2013-07-03T18:11:30.2407333Z</endTime>
  <complete>True</complete>
  <is_temp>False</is_temp>
</deployment>