﻿<?xml version="1.0" encoding="utf-8"?>
<entries>
  <entry time="2013-07-03T18:58:17.1894934Z" id="58f61ae8-dedd-401a-9e2d-508487918c36" type="0">
    <message>Updating branch 'master'.</message>
  </entry>
  <entry time="2013-07-03T18:58:18.2526743Z" id="012a771b-b02e-4b66-90b9-35e13f946f48" type="0">
    <message>Updating submodules.</message>
  </entry>
  <entry time="2013-07-03T18:58:18.3151698Z" id="edbd56da-900a-48f3-bc8c-058f1d52c5c4" type="0">
    <message>Preparing deployment for commit id '1fed6b7f02'.</message>
  </entry>
  <entry time="2013-07-03T18:58:19.2778753Z" id="5f877642-500d-4a7c-a79c-1a5259464db4" type="0">
    <message>Generating deployment script.</message>
    <entry time="2013-07-03T18:58:19.3091224Z" id="67348f8b-f19f-49af-94e1-c440724baa6c" type="0">
      <message>Using cached version of deployment script (command: 'azure site deploymentscript -y --no-dot-deployment -r "C:\DWASFiles\Sites\kjokken\VirtualDirectory0\site\repository" -o "C:\DWASFiles\Sites\kjokken\VirtualDirectory0\site\deployments\tools" --node --sitePath "C:\DWASFiles\Sites\kjokken\VirtualDirectory0\site\repository\dist"').</message>
    </entry>
  </entry>
  <entry time="2013-07-03T18:58:19.3403708Z" id="42a24ba4-c0a0-4689-b76f-784684b3f0b3" type="0">
    <message>Running deployment command...</message>
    <entry time="2013-07-03T18:58:19.3403708Z" id="898f7e40-09df-4e3c-8d74-f97cbccfd249" type="0">
      <message>Command: C:\DWASFiles\Sites\kjokken\VirtualDirectory0\site\deployments\tools\deploy.cmd</message>
    </entry>
    <entry time="2013-07-03T18:58:19.7156535Z" id="52290b62-0364-44c1-8949-649f5ed52ab8" type="0">
      <message>Handling node.js deployment.</message>
    </entry>
    <entry time="2013-07-03T18:58:21.4559695Z" id="4d5803fa-56d3-498b-8f97-873aa2e66295" type="0">
      <message>KuduSync.NET from: 'C:\DWASFiles\Sites\kjokken\VirtualDirectory0\site\repository\dist' to: 'C:\DWASFiles\Sites\kjokken\VirtualDirectory0\site\wwwroot'</message>
    </entry>
    <entry time="2013-07-03T18:58:21.4715907Z" id="a3356e52-110d-4ce6-8009-b5445ed5486e" type="0">
      <message>Copying file: 'IISNode.yml'</message>
    </entry>
    <entry time="2013-07-03T18:58:21.5965816Z" id="efa3adfc-6ba0-415d-8194-842031b03b92" type="0">
      <message>Node.js versions available on the platform are: 0.6.17, 0.6.20, 0.8.19, 0.8.2.</message>
    </entry>
    <entry time="2013-07-03T18:58:21.6278296Z" id="0ee02b5f-e900-4b36-9de1-e71acd265073" type="0">
      <message>Selected node.js version 0.8.19. Use package.json file to choose a different version.</message>
    </entry>
    <entry time="2013-07-03T18:58:22.424659Z" id="bade846d-415d-4e7a-b41d-8c6420037fd3" type="0">
      <message>Finished successfully.</message>
    </entry>
  </entry>
  <entry time="2013-07-03T18:58:22.9884402Z" id="1f74bdd8-32d2-4954-9207-b33c05beb992" type="0">
    <message>Deployment successful.</message>
  </entry>
</entries>